-- MariaDB dump 10.17  Distrib 10.4.15-MariaDB, for Linux (x86_64)
--
-- Host: mysql.hostinger.ro    Database: u574849695_22
-- ------------------------------------------------------
-- Server version	10.4.15-MariaDB-cll-lve

/*!40101 SET @OLD_CHARACTER_SET_CLIENT=@@CHARACTER_SET_CLIENT */;
/*!40101 SET @OLD_CHARACTER_SET_RESULTS=@@CHARACTER_SET_RESULTS */;
/*!40101 SET @OLD_COLLATION_CONNECTION=@@COLLATION_CONNECTION */;
/*!40101 SET NAMES utf8mb4 */;
/*!40103 SET @OLD_TIME_ZONE=@@TIME_ZONE */;
/*!40103 SET TIME_ZONE='+00:00' */;
/*!40014 SET @OLD_UNIQUE_CHECKS=@@UNIQUE_CHECKS, UNIQUE_CHECKS=0 */;
/*!40014 SET @OLD_FOREIGN_KEY_CHECKS=@@FOREIGN_KEY_CHECKS, FOREIGN_KEY_CHECKS=0 */;
/*!40101 SET @OLD_SQL_MODE=@@SQL_MODE, SQL_MODE='NO_AUTO_VALUE_ON_ZERO' */;
/*!40111 SET @OLD_SQL_NOTES=@@SQL_NOTES, SQL_NOTES=0 */;

--
-- Table structure for table `communities`
--

DROP TABLE IF EXISTS `communities`;
/*!40101 SET @saved_cs_client     = @@character_set_client */;
/*!40101 SET character_set_client = utf8 */;
CREATE TABLE `communities` (
  `id` int(10) unsigned NOT NULL AUTO_INCREMENT COMMENT 'Идентификатор сроки',
  `name` varchar(150) COLLATE utf8mb4_unicode_ci NOT NULL COMMENT 'Название группы',
  `created_at` datetime DEFAULT current_timestamp() COMMENT 'Время создания строки',
  `updated_at` datetime DEFAULT current_timestamp() ON UPDATE current_timestamp() COMMENT 'Время обновления строки',
  PRIMARY KEY (`id`),
  UNIQUE KEY `name` (`name`)
) ENGINE=InnoDB AUTO_INCREMENT=101 DEFAULT CHARSET=utf8mb4 COLLATE=utf8mb4_unicode_ci COMMENT='Группы';
/*!40101 SET character_set_client = @saved_cs_client */;

--
-- Dumping data for table `communities`
--

LOCK TABLES `communities` WRITE;
/*!40000 ALTER TABLE `communities` DISABLE KEYS */;
INSERT INTO `communities` VALUES (1,'Suscipit enim.','2019-12-14 20:47:29','2020-11-17 05:45:14'),(2,'Et autem.','2018-05-31 22:03:40','2012-01-09 08:23:18'),(3,'Consequatur minus.','2018-09-03 13:27:02','2015-02-21 12:42:44'),(4,'Maxime quae iste.','2019-07-03 05:59:48','2018-11-13 14:22:29'),(5,'Repudiandae porro.','2014-11-25 07:53:20','2015-09-16 23:21:49'),(6,'Unde esse ullam.','2020-07-13 17:06:33','2013-09-23 20:45:17'),(7,'Veniam repellat.','2016-01-04 19:42:02','2015-11-28 23:31:06'),(8,'Qui nam vero.','2011-11-03 03:41:48','2012-08-19 20:30:32'),(9,'Ullam autem.','2020-02-19 16:24:00','2013-02-06 04:18:39'),(10,'Est omnis.','2013-06-22 10:39:03','2018-04-06 23:24:44'),(11,'Magnam ut.','2013-03-18 14:24:51','2017-02-16 18:13:57'),(12,'Nesciunt odio.','2011-07-10 10:58:19','2017-03-01 01:34:49'),(13,'Nulla culpa qui.','2012-08-09 07:43:50','2021-03-08 17:05:20'),(14,'Consequatur sint quis.','2020-03-18 06:56:32','2012-08-03 07:57:52'),(15,'Pariatur corrupti hic.','2016-02-11 10:14:09','2017-12-11 23:49:16'),(16,'Et quaerat.','2018-01-08 12:27:53','2019-03-18 03:51:23'),(17,'Dignissimos voluptate.','2014-04-06 04:11:51','2018-02-03 07:21:33'),(18,'Recusandae autem.','2017-02-22 10:07:03','2019-02-28 00:27:01'),(19,'Nisi nostrum illum.','2015-04-28 06:04:48','2015-08-08 06:54:09'),(20,'Architecto quia doloremque.','2016-11-17 10:31:49','2018-03-02 13:04:23'),(21,'Id adipisci est.','2015-07-04 10:27:46','2018-07-24 15:31:47'),(22,'Libero molestiae impedit.','2020-10-06 00:23:00','2016-08-05 16:38:38'),(23,'Asperiores omnis in.','2015-10-09 15:50:40','2017-10-04 09:26:00'),(24,'Qui consectetur reprehenderit.','2019-10-07 05:31:54','2013-07-13 03:34:09'),(25,'Ullam eligendi.','2016-09-11 11:43:00','2014-07-02 13:30:10'),(26,'Praesentium soluta ipsum.','2016-12-29 05:02:11','2016-11-19 20:23:18'),(27,'Omnis qui sit.','2015-02-14 14:10:14','2019-01-15 16:42:51'),(28,'Sint distinctio delectus.','2014-02-28 02:14:01','2020-01-13 10:23:03'),(29,'Ea debitis enim.','2020-05-11 00:17:48','2018-11-20 22:06:45'),(30,'Quo aliquid.','2015-10-16 21:45:43','2019-06-29 22:46:35'),(31,'Corporis id.','2012-11-03 10:25:04','2019-03-07 22:32:02'),(32,'Voluptates possimus praesentium.','2011-08-13 22:21:48','2014-09-12 02:58:58'),(33,'Est dolor minus.','2011-07-28 01:32:30','2018-12-29 08:13:28'),(34,'Sint nihil error.','2014-08-30 15:15:35','2014-03-21 01:37:53'),(35,'Beatae officia sed.','2018-11-24 05:27:47','2014-07-21 01:58:09'),(36,'Nostrum sint mollitia.','2020-09-30 16:00:26','2018-03-30 03:12:14'),(37,'Cupiditate eveniet ullam.','2016-07-10 14:08:29','2019-05-31 23:54:48'),(38,'Sapiente ut.','2012-10-28 13:19:58','2012-03-24 05:19:24'),(39,'Laborum rerum.','2014-09-17 15:23:45','2011-11-09 06:36:21'),(40,'Voluptas dolores.','2020-09-03 19:15:31','2011-06-24 00:51:51'),(41,'Iste et.','2020-04-21 08:06:10','2012-09-22 12:16:34'),(42,'Explicabo quibusdam.','2019-10-20 08:33:05','2018-03-30 16:06:09'),(43,'Quos provident.','2021-01-04 09:44:12','2012-08-11 22:25:23'),(44,'Corrupti quos.','2015-09-09 17:25:07','2011-07-08 12:32:40'),(45,'Repudiandae sed.','2020-07-16 04:27:50','2020-02-10 15:12:26'),(46,'Velit voluptatem ea.','2012-12-07 20:51:19','2016-07-03 19:57:48'),(47,'Animi ipsam voluptas.','2018-01-30 01:00:22','2015-07-27 20:21:04'),(48,'Ut qui qui.','2011-10-28 17:52:42','2020-07-05 16:27:45'),(49,'Repellat cupiditate.','2012-08-13 04:21:26','2013-07-28 07:08:42'),(50,'Deserunt sed repellendus.','2019-03-19 12:22:54','2014-04-08 09:24:45'),(51,'Dolore corporis.','2018-03-21 13:58:22','2012-04-16 12:49:42'),(52,'Tempora dolor adipisci.','2020-10-02 08:27:27','2018-10-17 22:24:37'),(53,'Veniam quis quibusdam.','2021-01-21 00:35:46','2014-09-16 11:12:31'),(54,'Eius consequatur.','2020-02-07 21:14:58','2017-01-20 20:39:55'),(55,'Rem dolor.','2011-07-04 02:20:09','2014-06-10 18:59:35'),(56,'Fuga veritatis est.','2021-02-04 19:30:58','2013-12-29 13:45:32'),(57,'Omnis consequatur iusto.','2011-10-13 09:09:45','2017-07-15 06:05:28'),(58,'Quia vel.','2014-10-27 13:57:07','2013-08-03 12:11:01'),(59,'Numquam enim qui.','2011-11-17 21:21:33','2019-10-11 19:27:07'),(60,'Quod ut.','2013-10-27 17:28:47','2014-01-08 02:10:28'),(61,'Quae sit.','2012-05-31 10:43:05','2013-10-20 22:37:49'),(62,'Nam iusto.','2012-09-27 22:53:15','2011-07-23 06:05:43'),(63,'Sit amet.','2012-11-22 19:49:38','2019-12-19 18:29:45'),(64,'Delectus facere.','2013-12-27 08:16:50','2014-12-04 03:46:30'),(65,'Eius similique.','2011-05-16 00:12:05','2013-12-17 02:12:43'),(66,'Nihil optio rem.','2014-11-29 22:15:40','2014-04-04 06:51:03'),(67,'Minima sunt.','2015-07-16 08:10:52','2019-04-26 16:19:43'),(68,'Soluta ut.','2018-04-08 19:14:15','2016-02-03 17:31:06'),(69,'Corporis voluptas.','2020-11-22 12:28:00','2014-09-07 03:46:37'),(70,'Totam voluptate doloremque.','2018-05-29 16:05:19','2021-02-22 07:07:06'),(71,'Officiis repellat vero.','2016-08-27 20:16:43','2013-04-18 16:26:01'),(72,'Beatae maiores suscipit.','2016-07-05 05:42:48','2020-04-19 15:26:12'),(73,'Sed quasi.','2018-11-21 08:26:14','2016-04-13 08:13:38'),(74,'Eaque quas.','2020-02-18 13:44:19','2011-06-19 14:57:21'),(75,'Dolore dolor in.','2018-05-19 13:42:10','2011-08-18 05:53:03'),(76,'Consequatur ea.','2014-12-18 14:21:28','2016-09-14 14:17:56'),(77,'Aperiam architecto autem.','2016-02-02 05:49:41','2014-09-15 22:46:52'),(78,'Consequuntur minus quia.','2018-02-05 06:01:30','2017-10-25 02:05:29'),(79,'Quia veniam sunt.','2012-11-23 09:50:45','2016-11-15 18:22:20'),(80,'Qui vero est.','2016-09-24 17:44:28','2012-04-22 22:01:34'),(81,'Et qui officiis.','2013-12-08 03:04:10','2018-03-07 10:18:49'),(82,'Sit debitis voluptatibus.','2018-04-29 03:39:11','2020-02-18 21:03:27'),(83,'Id atque.','2014-02-26 21:44:46','2019-02-06 08:41:22'),(84,'Eos voluptatem.','2017-08-12 14:19:30','2012-07-08 14:43:43'),(85,'Inventore vitae.','2019-03-18 14:32:37','2018-11-01 18:31:01'),(86,'Ut delectus.','2020-01-15 17:45:05','2017-01-23 23:01:18'),(87,'Tenetur velit provident.','2021-02-24 05:55:54','2011-08-20 03:45:37'),(88,'Aliquid sit.','2019-04-06 18:51:58','2014-12-13 00:31:29'),(89,'Commodi quis veritatis.','2014-11-01 07:08:05','2017-04-14 08:38:18'),(90,'Minus exercitationem.','2012-11-06 09:40:07','2019-04-25 12:41:37'),(91,'Sed voluptatem.','2017-10-15 10:10:41','2012-10-19 19:14:00'),(92,'Nulla aut esse.','2012-03-05 16:02:37','2019-11-13 07:59:36'),(93,'Consequatur voluptatum.','2013-07-06 02:44:32','2015-07-29 22:55:40'),(94,'Maxime maiores.','2018-06-28 11:58:10','2012-01-10 10:11:12'),(95,'Molestias quam voluptas.','2011-08-05 06:57:06','2018-04-04 15:36:17'),(96,'Rerum veniam.','2014-06-14 06:44:18','2011-09-02 14:16:43'),(97,'Iste natus.','2018-08-27 16:11:13','2018-03-20 01:51:43'),(98,'Rem excepturi cum.','2012-07-23 07:39:13','2016-10-18 15:06:48'),(99,'Impedit incidunt quae.','2018-01-06 17:57:14','2016-09-02 22:54:23'),(100,'Eligendi expedita et.','2018-11-21 21:44:49','2019-08-26 02:39:15');
/*!40000 ALTER TABLE `communities` ENABLE KEYS */;
UNLOCK TABLES;

--
-- Table structure for table `communities_users`
--

DROP TABLE IF EXISTS `communities_users`;
/*!40101 SET @saved_cs_client     = @@character_set_client */;
/*!40101 SET character_set_client = utf8 */;
CREATE TABLE `communities_users` (
  `community_id` int(10) unsigned NOT NULL COMMENT 'Ссылка на группу',
  `user_id` int(10) unsigned NOT NULL COMMENT 'Ссылка на пользователя',
  `created_at` datetime DEFAULT current_timestamp() COMMENT 'Время создания строки',
  PRIMARY KEY (`community_id`,`user_id`) COMMENT 'Составной первичный ключ'
) ENGINE=InnoDB DEFAULT CHARSET=utf8mb4 COLLATE=utf8mb4_unicode_ci COMMENT='Участники групп, связь между пользователями и группами';
/*!40101 SET character_set_client = @saved_cs_client */;

--
-- Dumping data for table `communities_users`
--

LOCK TABLES `communities_users` WRITE;
/*!40000 ALTER TABLE `communities_users` DISABLE KEYS */;
INSERT INTO `communities_users` VALUES (1,29,'2020-09-02 09:58:37'),(1,38,'2014-12-31 19:51:37'),(2,52,'2014-10-17 21:58:58'),(3,21,'2011-08-21 01:47:36'),(3,95,'2012-12-25 19:05:02'),(4,59,'2016-09-13 18:17:20'),(5,16,'2018-12-08 13:11:59'),(7,87,'2017-01-15 16:02:35'),(7,99,'2021-04-17 08:20:24'),(8,34,'2015-07-31 02:04:31'),(8,54,'2014-12-17 04:41:24'),(9,32,'2016-06-01 10:03:10'),(9,48,'2019-06-19 15:02:41'),(10,58,'2012-11-20 22:54:57'),(10,60,'2018-11-12 03:22:45'),(10,92,'2012-01-04 09:54:07'),(10,95,'2011-10-10 01:53:26'),(13,31,'2017-03-06 06:40:28'),(13,48,'2015-01-24 23:57:32'),(14,17,'2020-11-10 13:01:09'),(16,49,'2011-04-30 19:31:19'),(17,73,'2021-01-23 03:49:23'),(18,38,'2012-11-08 04:35:40'),(18,95,'2019-07-10 16:55:02'),(19,39,'2018-07-15 23:16:21'),(22,8,'2020-02-18 22:58:50'),(22,43,'2021-02-19 22:40:59'),(23,22,'2012-09-22 13:53:44'),(23,73,'2012-11-18 22:10:06'),(25,95,'2012-03-07 12:48:19'),(26,22,'2015-08-26 02:14:01'),(26,54,'2011-09-04 07:33:49'),(27,8,'2017-04-05 14:20:01'),(27,79,'2014-08-13 14:24:04'),(29,14,'2018-07-24 10:36:53'),(29,92,'2012-03-30 05:34:03'),(31,38,'2019-08-14 00:20:10'),(33,6,'2020-07-09 04:56:06'),(34,93,'2012-12-16 13:45:36'),(36,44,'2018-04-18 00:28:11'),(38,60,'2012-12-06 23:46:55'),(39,75,'2017-08-11 09:37:34'),(41,46,'2014-02-08 21:04:06'),(41,74,'2012-06-05 22:26:59'),(42,8,'2017-08-17 09:44:54'),(42,82,'2015-05-05 20:04:42'),(45,44,'2019-07-20 11:08:45'),(47,28,'2011-06-25 03:11:09'),(47,100,'2016-09-17 01:58:21'),(48,39,'2012-09-30 10:11:38'),(50,67,'2019-08-03 01:14:34'),(50,91,'2013-02-12 16:20:27'),(51,13,'2012-03-20 07:07:16'),(51,42,'2015-02-22 15:11:36'),(53,54,'2018-01-20 03:05:45'),(54,96,'2021-01-09 23:54:19'),(56,6,'2013-11-26 19:35:06'),(56,44,'2013-11-03 14:03:58'),(57,13,'2011-12-04 15:03:09'),(57,85,'2020-09-24 22:40:37'),(59,52,'2014-11-24 04:16:13'),(59,59,'2013-03-30 12:05:15'),(61,6,'2016-12-17 00:09:55'),(61,87,'2019-11-28 00:50:52'),(62,8,'2018-04-27 16:38:51'),(65,34,'2014-02-17 16:57:25'),(65,69,'2017-05-22 06:29:26'),(66,54,'2019-03-04 09:55:49'),(66,62,'2021-04-08 17:11:08'),(66,79,'2019-02-12 10:49:25'),(67,28,'2012-04-12 03:20:53'),(67,98,'2019-09-15 15:51:56'),(68,83,'2012-05-08 22:00:04'),(70,32,'2019-03-08 16:26:23'),(70,72,'2014-09-21 08:22:52'),(70,88,'2015-02-10 05:35:01'),(72,34,'2017-05-27 06:59:26'),(73,7,'2017-04-24 09:28:03'),(75,36,'2011-06-23 10:58:21'),(77,71,'2013-01-02 04:00:16'),(77,78,'2016-01-17 14:17:12'),(78,71,'2015-11-18 10:47:38'),(79,83,'2020-04-12 10:00:14'),(83,10,'2011-08-12 00:02:40'),(83,81,'2011-04-19 01:54:54'),(85,5,'2020-05-02 09:27:36'),(85,11,'2014-11-06 03:41:24'),(87,20,'2018-09-08 16:02:29'),(87,31,'2019-03-02 09:52:53'),(89,92,'2016-10-11 21:18:56'),(91,74,'2019-10-29 05:39:35'),(91,82,'2012-08-28 21:03:50'),(92,34,'2012-02-04 09:32:09'),(93,1,'2017-08-23 11:58:50'),(93,10,'2014-09-22 20:53:03'),(95,85,'2019-07-30 02:36:24'),(97,5,'2014-07-26 02:42:52'),(100,74,'2020-07-24 13:44:05');
/*!40000 ALTER TABLE `communities_users` ENABLE KEYS */;
UNLOCK TABLES;

--
-- Table structure for table `friendship`
--

DROP TABLE IF EXISTS `friendship`;
/*!40101 SET @saved_cs_client     = @@character_set_client */;
/*!40101 SET character_set_client = utf8 */;
CREATE TABLE `friendship` (
  `user_id` int(10) unsigned NOT NULL COMMENT 'Ссылка на инициатора дружеских отношений',
  `friend_id` int(10) unsigned NOT NULL COMMENT 'Ссылка на получателя приглашения дружить',
  `friendship_status_id` int(10) unsigned NOT NULL COMMENT 'Ссылка на статус (текущее состояние) отношений',
  `confirmed_at` datetime DEFAULT NULL COMMENT 'Время подтверждения приглашения',
  `created_at` datetime DEFAULT current_timestamp() COMMENT 'Время создания строки',
  `updated_at` datetime DEFAULT current_timestamp() ON UPDATE current_timestamp() COMMENT 'Время обновления строки',
  PRIMARY KEY (`user_id`,`friend_id`) COMMENT 'Составной первичный ключ'
) ENGINE=InnoDB DEFAULT CHARSET=utf8mb4 COLLATE=utf8mb4_unicode_ci COMMENT='Таблица дружбы';
/*!40101 SET character_set_client = @saved_cs_client */;

--
-- Dumping data for table `friendship`
--

LOCK TABLES `friendship` WRITE;
/*!40000 ALTER TABLE `friendship` DISABLE KEYS */;
INSERT INTO `friendship` VALUES (1,99,1,'2020-11-26 02:17:44','2017-03-29 15:34:17','2017-01-11 09:10:19'),(2,8,2,'2017-06-19 11:55:34','2019-10-15 17:03:24','2011-12-23 04:29:30'),(2,81,3,'2011-11-26 23:16:10','2014-04-15 03:35:01','2020-08-14 19:35:56'),(3,79,3,'2018-03-06 18:12:37','2012-12-20 05:28:32','2021-02-10 16:26:52'),(4,85,2,'2020-05-08 23:08:06','2013-01-01 00:05:50','2011-07-30 12:11:22'),(5,66,3,'2011-09-25 23:06:18','2014-08-24 12:26:31','2018-06-21 02:21:22'),(7,6,3,'2020-02-07 08:58:21','2015-10-19 18:35:54','2016-06-07 09:27:29'),(7,48,1,'2013-09-16 14:11:55','2012-10-21 19:11:12','2017-12-18 05:31:53'),(7,60,2,'2017-01-15 12:35:18','2014-07-09 23:14:38','2013-05-31 12:48:46'),(8,49,3,'2018-07-29 13:00:56','2012-07-02 20:28:09','2013-10-15 20:59:07'),(8,78,1,'2017-07-16 18:10:01','2015-06-08 11:10:14','2017-11-05 14:33:22'),(9,22,2,'2013-05-01 08:29:59','2014-12-31 07:16:27','2012-06-07 23:42:37'),(9,31,1,'2011-07-22 22:50:06','2017-04-06 22:38:44','2017-12-18 22:16:47'),(10,68,1,'2013-07-09 11:17:03','2020-10-05 00:26:01','2012-12-15 16:43:08'),(14,96,1,'2013-07-08 08:12:58','2014-11-06 20:08:44','2019-08-28 19:14:20'),(16,10,3,'2017-03-05 19:36:49','2011-06-18 05:23:56','2018-05-18 08:57:30'),(16,96,1,'2012-12-21 18:50:44','2020-03-22 06:06:21','2014-10-21 20:58:24'),(18,35,1,'2015-09-21 11:14:54','2013-09-28 19:24:30','2018-04-24 02:03:37'),(18,74,2,'2012-04-21 23:54:11','2014-02-05 02:30:41','2014-04-21 08:44:19'),(20,37,3,'2012-08-31 08:49:35','2016-11-06 04:38:13','2011-06-12 20:20:31'),(22,59,3,'2013-09-19 14:30:03','2014-06-22 13:18:54','2018-08-05 08:31:30'),(22,61,3,'2014-10-03 08:11:27','2015-01-18 23:11:06','2018-05-16 19:28:32'),(22,91,1,'2017-03-16 04:40:06','2017-02-02 10:05:00','2015-07-24 20:42:20'),(24,8,3,'2016-06-07 08:47:03','2019-01-15 02:10:28','2020-09-25 20:25:39'),(24,33,1,'2020-02-10 22:07:41','2018-03-03 02:16:39','2012-10-22 20:23:16'),(24,45,1,'2014-01-10 17:01:18','2018-05-19 00:42:18','2016-09-25 01:40:11'),(24,49,2,'2012-12-22 20:14:15','2017-05-11 07:27:43','2014-12-18 13:29:01'),(26,27,3,'2015-03-21 12:41:49','2018-03-29 06:52:59','2015-04-07 15:26:25'),(26,50,2,'2013-10-05 21:31:00','2013-08-25 22:17:54','2016-12-10 07:51:49'),(27,48,1,'2016-08-08 01:48:45','2021-03-15 22:20:29','2014-10-04 08:02:46'),(31,14,3,'2019-02-19 07:51:47','2017-09-02 08:05:32','2011-08-23 21:59:35'),(32,57,2,'2017-03-27 22:49:40','2013-04-15 08:40:13','2017-10-26 12:51:14'),(33,46,3,'2018-06-13 19:29:22','2014-03-28 08:49:07','2020-05-09 09:00:51'),(33,54,2,'2019-10-14 07:54:36','2013-03-24 14:50:23','2015-06-17 12:11:24'),(33,71,1,'2016-10-22 11:55:39','2015-07-05 09:17:48','2019-06-29 04:16:02'),(34,37,3,'2013-02-04 22:23:16','2013-11-21 00:33:02','2017-07-21 23:17:36'),(35,51,2,'2019-06-11 18:21:39','2014-06-08 18:55:24','2020-04-24 20:37:02'),(36,4,2,'2011-12-27 02:23:22','2013-05-14 02:42:13','2016-01-11 01:53:49'),(37,5,2,'2018-02-02 02:12:32','2017-06-18 21:24:56','2018-09-26 23:38:00'),(39,75,3,'2019-12-29 18:04:38','2020-06-03 14:26:43','2020-03-02 18:21:14'),(41,96,3,'2016-09-06 05:07:28','2017-07-18 23:24:24','2018-02-11 19:13:19'),(42,31,1,'2012-12-02 15:11:45','2019-06-19 05:12:56','2021-01-31 10:07:23'),(42,62,1,'2017-08-02 21:29:19','2012-10-26 08:49:01','2014-06-16 17:34:59'),(43,81,2,'2016-01-14 10:40:21','2019-12-11 21:52:39','2019-08-12 22:04:28'),(44,70,1,'2011-10-20 19:34:42','2012-11-07 12:00:13','2015-08-23 07:14:39'),(47,38,3,'2019-01-09 22:46:43','2019-04-28 11:51:59','2016-12-31 02:47:59'),(47,52,2,'2011-07-10 00:31:15','2019-03-31 17:18:42','2012-06-27 15:12:32'),(47,71,1,'2012-10-02 12:59:26','2012-05-04 11:34:01','2018-11-30 20:16:02'),(50,16,3,'2013-02-06 19:16:14','2021-02-10 03:22:32','2014-12-27 08:00:16'),(50,86,2,'2020-12-03 06:33:49','2015-09-19 20:55:23','2016-12-10 18:30:11'),(53,22,3,'2016-11-14 00:34:22','2014-10-13 17:35:11','2013-08-25 03:21:39'),(54,51,3,'2020-12-08 20:00:06','2019-03-10 21:58:51','2020-06-14 22:47:04'),(55,45,2,'2019-07-07 09:15:13','2020-12-07 07:41:18','2019-04-26 03:57:02'),(56,38,3,'2014-09-30 23:07:40','2018-05-01 01:39:22','2016-08-08 12:13:42'),(57,5,1,'2015-02-17 01:37:33','2012-06-25 09:01:46','2016-08-09 21:33:54'),(57,77,3,'2019-12-09 00:43:16','2013-04-17 13:01:21','2013-04-15 18:06:56'),(58,22,2,'2015-04-05 08:19:01','2013-01-13 11:01:03','2019-12-06 13:57:42'),(58,29,3,'2020-06-25 09:23:43','2014-03-14 07:37:42','2015-12-31 01:39:04'),(60,89,1,'2020-04-12 22:20:36','2020-01-10 18:01:17','2012-12-08 15:04:02'),(62,64,2,'2014-06-27 22:06:35','2012-03-26 07:46:21','2020-05-08 14:04:01'),(62,93,2,'2013-06-16 23:59:49','2014-02-26 09:54:15','2012-07-03 18:08:45'),(62,96,3,'2014-05-18 03:16:33','2016-05-04 05:52:10','2018-02-12 19:11:15'),(63,12,1,'2018-09-06 20:12:07','2014-07-24 02:42:30','2013-10-06 05:36:37'),(64,100,3,'2012-01-02 13:17:37','2012-08-17 14:19:59','2011-08-12 12:35:31'),(65,17,2,'2012-11-21 10:29:24','2020-07-04 11:05:54','2013-04-17 23:50:52'),(65,51,3,'2020-12-05 03:09:58','2011-09-21 04:56:32','2018-09-27 09:01:06'),(65,77,1,'2015-01-16 01:26:53','2013-05-07 14:38:04','2015-02-26 01:16:42'),(67,21,3,'2018-02-08 09:40:15','2020-02-21 09:47:23','2014-02-25 19:48:10'),(67,65,2,'2021-02-06 18:48:07','2015-02-12 00:47:39','2017-01-03 18:40:28'),(71,40,2,'2015-04-03 20:16:02','2011-12-04 21:27:36','2012-04-29 17:40:26'),(71,94,3,'2015-09-27 05:08:05','2014-08-29 09:10:16','2019-06-18 02:46:17'),(71,96,1,'2017-05-06 23:21:38','2012-12-01 05:57:47','2012-11-28 11:31:19'),(72,4,1,'2015-10-24 10:53:14','2013-11-03 23:31:50','2018-01-07 14:40:54'),(72,39,3,'2020-09-29 07:46:21','2017-04-04 04:03:38','2019-09-15 18:12:38'),(73,51,3,'2014-02-12 18:50:54','2019-09-11 02:23:14','2020-01-22 00:07:02'),(75,35,2,'2020-08-01 23:56:44','2020-09-19 22:30:29','2019-01-30 14:19:25'),(79,33,3,'2021-03-27 01:51:49','2017-03-19 11:23:28','2018-04-01 12:58:33'),(79,44,2,'2012-04-09 15:23:47','2020-06-28 07:54:51','2015-09-01 05:21:52'),(79,48,3,'2015-11-15 14:57:26','2017-03-25 14:47:28','2019-11-15 00:07:34'),(79,87,2,'2013-12-16 14:35:33','2013-07-24 21:19:45','2014-04-02 03:48:23'),(80,71,3,'2019-06-16 16:45:14','2019-04-11 22:48:33','2015-10-17 18:55:31'),(83,81,1,'2017-11-10 20:10:44','2017-11-23 03:02:30','2016-04-23 23:07:07'),(83,98,1,'2011-08-01 16:35:18','2018-03-13 04:37:10','2012-05-29 01:30:14'),(85,20,3,'2019-07-03 15:37:25','2015-08-26 23:14:51','2013-04-17 17:32:52'),(86,17,1,'2018-04-08 20:11:26','2015-09-23 05:28:40','2015-06-21 21:16:56'),(86,96,2,'2020-08-14 05:27:52','2015-12-02 12:52:59','2011-07-27 09:04:02'),(87,55,2,'2016-12-07 10:59:54','2020-02-20 12:34:30','2016-03-30 01:51:07'),(88,46,3,'2020-11-16 07:59:01','2012-07-30 07:58:29','2013-01-27 07:31:50'),(88,72,3,'2019-06-15 05:07:52','2020-02-04 09:16:48','2021-01-23 13:07:13'),(89,47,3,'2019-04-15 19:33:33','2011-08-04 12:59:56','2017-06-19 06:13:40'),(91,77,1,'2014-06-24 12:04:54','2017-12-31 22:21:58','2020-10-03 01:16:19'),(91,88,2,'2020-09-25 18:08:07','2018-06-21 23:11:34','2016-06-28 05:34:51'),(92,20,1,'2021-02-21 08:35:14','2017-05-02 06:44:37','2014-12-15 06:51:45'),(94,75,2,'2013-04-01 18:01:19','2011-12-18 08:15:48','2017-08-21 01:08:54'),(95,43,3,'2016-10-19 07:02:49','2016-08-19 21:34:38','2018-12-18 23:55:41'),(95,45,1,'2018-10-06 00:08:24','2012-12-04 01:15:20','2020-08-27 20:16:50'),(97,53,3,'2017-02-15 22:57:39','2018-10-05 09:31:04','2016-03-10 13:04:44'),(98,24,3,'2015-12-31 16:07:12','2015-03-09 16:59:40','2015-07-11 02:10:29'),(99,43,3,'2012-01-05 05:34:35','2011-04-28 20:19:06','2014-12-20 08:37:29'),(100,45,2,'2018-08-12 04:46:40','2012-12-23 21:02:22','2014-12-24 04:09:04');
/*!40000 ALTER TABLE `friendship` ENABLE KEYS */;
UNLOCK TABLES;

--
-- Table structure for table `friendship_statuses`
--

DROP TABLE IF EXISTS `friendship_statuses`;
/*!40101 SET @saved_cs_client     = @@character_set_client */;
/*!40101 SET character_set_client = utf8 */;
CREATE TABLE `friendship_statuses` (
  `id` int(10) unsigned NOT NULL AUTO_INCREMENT COMMENT 'Идентификатор строки',
  `name` varchar(150) COLLATE utf8mb4_unicode_ci NOT NULL COMMENT 'Название статуса',
  `created_at` datetime DEFAULT current_timestamp() COMMENT 'Время создания строки',
  `updated_at` datetime DEFAULT current_timestamp() ON UPDATE current_timestamp() COMMENT 'Время обновления строки',
  PRIMARY KEY (`id`),
  UNIQUE KEY `name` (`name`)
) ENGINE=InnoDB AUTO_INCREMENT=4 DEFAULT CHARSET=utf8mb4 COLLATE=utf8mb4_unicode_ci COMMENT='Статусы дружбы';
/*!40101 SET character_set_client = @saved_cs_client */;

--
-- Dumping data for table `friendship_statuses`
--

LOCK TABLES `friendship_statuses` WRITE;
/*!40000 ALTER TABLE `friendship_statuses` DISABLE KEYS */;
INSERT INTO `friendship_statuses` VALUES (1,'pending','2011-05-31 10:46:25','2020-01-07 21:37:18'),(2,' approved','2012-07-14 04:14:51','2018-06-01 06:41:24'),(3,' declined','2012-05-04 12:10:25','2021-03-02 22:29:44');
/*!40000 ALTER TABLE `friendship_statuses` ENABLE KEYS */;
UNLOCK TABLES;

--
-- Table structure for table `media`
--

DROP TABLE IF EXISTS `media`;
/*!40101 SET @saved_cs_client     = @@character_set_client */;
/*!40101 SET character_set_client = utf8 */;
CREATE TABLE `media` (
  `id` int(10) unsigned NOT NULL AUTO_INCREMENT COMMENT 'Идентификатор строки',
  `user_id` int(10) unsigned NOT NULL COMMENT 'Ссылка на пользователя, который загрузил файл',
  `filename` varchar(255) COLLATE utf8mb4_unicode_ci NOT NULL COMMENT 'Путь к файлу',
  `size` int(11) NOT NULL COMMENT 'Размер файла',
  `metadata` longtext CHARACTER SET utf8mb4 COLLATE utf8mb4_bin DEFAULT NULL COMMENT 'Метаданные файла' CHECK (json_valid(`metadata`)),
  `media_type_id` int(10) unsigned NOT NULL COMMENT 'Ссылка на тип контента',
  `created_at` datetime DEFAULT current_timestamp() COMMENT 'Время создания строки',
  `updated_at` datetime DEFAULT current_timestamp() ON UPDATE current_timestamp() COMMENT 'Время обновления строки',
  PRIMARY KEY (`id`)
) ENGINE=InnoDB AUTO_INCREMENT=101 DEFAULT CHARSET=utf8mb4 COLLATE=utf8mb4_unicode_ci COMMENT='Медиафайлы';
/*!40101 SET character_set_client = @saved_cs_client */;

--
-- Dumping data for table `media`
--

LOCK TABLES `media` WRITE;
/*!40000 ALTER TABLE `media` DISABLE KEYS */;
INSERT INTO `media` VALUES (1,17,'quidem',2837,'4',3,'2018-02-18 09:56:55','2020-10-26 07:05:47'),(2,85,'minima',0,'4',3,'2012-02-21 03:29:27','2020-08-13 20:31:16'),(3,79,'nisi',8621911,'6',4,'2013-09-12 04:27:31','2020-09-02 13:14:16'),(4,49,'delectus',9617243,'7',4,'2014-04-30 18:40:57','2021-02-23 01:27:39'),(5,74,'recusandae',839927622,'1',3,'2018-06-12 10:54:02','2021-04-16 11:17:17'),(6,80,'ducimus',998,'4',1,'2016-12-21 11:10:12','2020-11-25 23:58:37'),(7,43,'pariatur',15323,'4',3,'2013-08-26 18:15:54','2021-02-19 04:24:39'),(8,71,'molestiae',2132552,'5',2,'2017-11-19 09:48:22','2020-06-16 11:37:08'),(9,29,'autem',76,'8',4,'2017-06-07 18:05:19','2020-04-23 20:35:33'),(10,51,'aut',74,'3',1,'2020-07-04 03:38:53','2020-09-13 11:52:33'),(11,72,'aliquam',5596001,'2',1,'2019-11-14 23:03:14','2020-07-03 02:30:49'),(12,52,'voluptates',59967042,'2',1,'2019-05-29 13:02:44','2020-09-28 06:01:59'),(13,51,'accusamus',4355,'9',1,'2018-01-24 14:07:20','2020-12-11 22:20:21'),(14,15,'molestias',62919,'5',1,'2020-02-02 04:11:21','2020-06-24 17:34:00'),(15,7,'perferendis',560603,'8',1,'2014-02-09 20:50:23','2020-05-06 01:21:12'),(16,7,'quia',39,'5',1,'2019-07-16 23:57:30','2020-08-18 01:31:20'),(17,78,'consequatur',8,'2',4,'2015-06-11 22:37:40','2020-09-13 06:18:15'),(18,97,'fugiat',0,'2',3,'2020-10-11 06:14:37','2020-11-28 20:17:38'),(19,91,'ut',27,'4',2,'2015-12-14 18:18:50','2020-12-17 04:25:07'),(20,37,'omnis',866,'4',3,'2020-06-02 00:34:40','2020-11-13 10:54:44'),(21,96,'magni',824,'5',1,'2017-03-22 19:30:59','2021-03-15 18:20:46'),(22,88,'ipsam',187696,'4',2,'2016-06-21 15:39:21','2020-12-10 06:35:57'),(23,73,'consequatur',978855,'4',3,'2012-11-06 17:20:20','2020-10-29 16:54:21'),(24,87,'quas',602883647,'2',1,'2012-05-02 08:32:41','2021-03-08 12:56:00'),(25,44,'magnam',22188962,'4',2,'2015-01-15 14:52:41','2020-07-28 07:37:10'),(26,16,'non',36,'8',1,'2013-02-21 20:58:01','2020-12-21 01:27:47'),(27,53,'minus',99,'6',3,'2018-11-28 12:25:44','2020-11-02 16:19:51'),(28,29,'incidunt',72399284,'2',1,'2019-02-17 12:13:51','2020-09-04 00:24:29'),(29,84,'voluptatem',53967,'1',2,'2020-04-20 06:21:16','2020-11-20 10:41:58'),(30,16,'officia',8,'5',4,'2011-12-18 07:20:03','2021-01-02 17:19:43'),(31,49,'porro',102694,'3',1,'2016-08-20 01:13:10','2021-02-14 22:27:49'),(32,12,'atque',1,'7',2,'2017-06-29 03:45:03','2020-11-22 05:52:38'),(33,13,'nesciunt',324,'1',1,'2017-11-10 05:16:25','2020-09-11 15:02:34'),(34,84,'aliquid',740,'4',1,'2015-04-15 23:25:44','2020-09-09 06:44:23'),(35,54,'voluptas',549404,'3',1,'2017-05-10 00:52:08','2020-11-03 17:24:25'),(36,69,'quas',4,'1',2,'2016-04-04 20:53:18','2020-07-22 21:16:39'),(37,36,'ipsam',86916871,'8',3,'2020-05-05 08:44:15','2021-04-14 20:22:44'),(38,88,'eius',4603078,'3',1,'2019-07-25 10:08:28','2020-09-17 06:55:39'),(39,14,'fuga',2654,'8',3,'2016-01-03 11:04:59','2020-10-05 13:39:17'),(40,9,'aliquid',231,'4',3,'2014-12-07 13:38:43','2021-03-18 18:00:22'),(41,11,'vitae',866,'4',1,'2019-07-28 05:28:13','2021-01-19 03:45:31'),(42,73,'sit',1618,'2',3,'2015-02-24 15:23:49','2020-05-12 15:14:35'),(43,91,'nulla',258290373,'2',1,'2014-04-21 17:10:18','2020-07-02 07:47:20'),(44,67,'dolorem',566716518,'4',3,'2018-09-05 14:30:31','2020-09-11 20:02:16'),(45,44,'delectus',29681,'5',4,'2013-06-02 22:41:24','2021-03-10 11:20:32'),(46,64,'ducimus',6649649,'2',4,'2017-09-09 07:18:08','2020-11-29 20:39:49'),(47,4,'quo',94482,'4',4,'2015-05-10 05:34:18','2020-11-02 04:21:27'),(48,19,'qui',0,'2',1,'2020-08-05 01:55:03','2021-03-20 08:40:56'),(49,84,'ut',348353896,'4',1,'2019-02-01 18:22:13','2020-10-18 15:12:03'),(50,21,'voluptas',25950779,'3',2,'2015-05-10 11:14:20','2020-11-03 19:09:51'),(51,22,'voluptas',0,'8',4,'2018-04-30 03:18:50','2020-10-25 05:22:08'),(52,87,'non',77912,'1',3,'2014-11-28 00:22:03','2020-08-13 08:24:58'),(53,45,'est',5297386,'9',3,'2013-05-16 11:49:47','2021-04-02 21:34:10'),(54,65,'qui',0,'9',3,'2020-07-26 07:30:33','2020-10-05 14:52:12'),(55,48,'voluptates',6689,'1',3,'2017-09-20 14:14:21','2020-05-13 22:02:47'),(56,16,'quia',74,'8',3,'2020-08-20 11:39:44','2020-07-29 11:14:05'),(57,97,'aspernatur',46159,'1',4,'2012-09-25 20:11:08','2020-06-28 12:58:40'),(58,22,'laboriosam',763915,'3',4,'2016-11-25 17:09:03','2020-05-16 21:49:42'),(59,89,'temporibus',39401046,'7',4,'2014-10-18 06:39:52','2020-07-27 10:52:07'),(60,61,'maiores',883808,'4',2,'2012-10-02 10:44:06','2020-06-28 21:21:35'),(61,71,'ad',208435,'8',1,'2016-12-04 17:20:47','2020-06-18 04:19:03'),(62,25,'voluptatem',7076059,'1',3,'2020-11-23 19:11:34','2020-08-26 21:13:21'),(63,99,'rerum',36282208,'3',2,'2015-08-06 13:53:00','2020-10-05 05:10:59'),(64,91,'dolorem',92663,'4',4,'2017-01-09 07:03:15','2020-10-12 23:21:15'),(65,46,'et',6672,'5',1,'2014-06-14 20:39:38','2020-12-13 13:46:25'),(66,20,'ipsum',968851484,'6',3,'2011-06-16 19:14:58','2021-03-08 17:54:00'),(67,99,'eius',9,'2',1,'2011-05-01 08:52:27','2020-09-11 07:06:29'),(68,24,'dolores',9,'5',2,'2015-01-23 12:28:20','2020-08-30 20:04:48'),(69,79,'voluptatem',109607,'7',4,'2017-12-22 11:33:07','2021-01-14 20:03:27'),(70,2,'maxime',530111975,'4',2,'2014-11-19 01:33:21','2020-07-06 22:59:00'),(71,61,'id',64178390,'9',1,'2017-12-26 16:23:02','2020-10-03 10:18:55'),(72,85,'rerum',97351,'7',3,'2020-06-11 18:53:58','2020-10-24 22:09:05'),(73,5,'voluptatem',67872,'7',1,'2018-10-19 05:58:12','2021-02-27 14:39:54'),(74,44,'fuga',384377,'6',4,'2016-02-25 09:03:17','2020-04-27 09:12:11'),(75,95,'ut',7,'7',1,'2012-01-23 01:22:08','2020-10-24 12:45:02'),(76,25,'sed',84,'7',3,'2015-02-18 22:23:40','2020-10-17 06:37:04'),(77,27,'sit',754412,'9',2,'2016-09-01 05:58:21','2020-12-14 16:14:01'),(78,39,'provident',9,'2',2,'2012-02-01 22:51:42','2021-02-13 17:49:12'),(79,93,'sint',881132196,'3',2,'2013-08-30 04:05:16','2020-09-19 12:35:07'),(80,8,'et',96693402,'1',2,'2011-12-06 04:40:14','2021-04-14 19:30:11'),(81,39,'sunt',16771,'5',2,'2017-06-09 00:24:41','2021-01-05 13:18:15'),(82,5,'minima',946689,'3',2,'2019-01-30 16:41:18','2021-03-21 13:37:34'),(83,33,'quas',1977,'4',2,'2018-10-06 01:19:17','2020-07-05 08:35:55'),(84,81,'optio',7447,'8',1,'2013-08-06 19:46:12','2020-04-29 07:12:53'),(85,16,'consequatur',632733131,'4',4,'2015-08-23 16:26:53','2020-04-27 11:18:22'),(86,38,'error',645,'9',4,'2020-04-24 07:25:41','2020-10-18 17:42:09'),(87,99,'autem',338514,'4',1,'2013-01-30 08:43:15','2021-01-28 11:57:51'),(88,34,'recusandae',9231997,'5',1,'2021-01-09 03:51:04','2020-10-10 08:31:45'),(89,29,'vel',2,'5',4,'2011-08-05 08:58:51','2020-07-28 05:26:20'),(90,96,'dolorem',8,'8',1,'2014-04-25 09:40:04','2021-04-08 22:20:02'),(91,81,'blanditiis',264547838,'2',1,'2015-10-05 16:26:32','2020-10-15 22:37:06'),(92,87,'nesciunt',24747,'3',1,'2011-08-06 05:11:07','2020-08-21 07:17:03'),(93,70,'expedita',4658,'4',2,'2019-11-05 20:05:41','2020-04-28 20:51:11'),(94,33,'quo',2905948,'9',3,'2013-03-23 12:35:35','2021-03-03 02:29:13'),(95,54,'et',8260,'7',2,'2020-06-09 14:18:28','2020-08-24 17:23:45'),(96,99,'est',602,'8',4,'2019-05-10 13:11:30','2020-11-06 22:21:23'),(97,68,'et',2,'5',1,'2020-10-16 18:48:30','2020-08-31 10:05:43'),(98,30,'harum',82459,'9',4,'2019-03-23 20:27:17','2020-06-06 08:35:56'),(99,31,'aut',0,'1',1,'2013-08-30 08:50:51','2020-06-11 14:18:23'),(100,11,'ex',211438,'7',2,'2015-04-09 06:15:17','2020-10-22 01:13:45');
/*!40000 ALTER TABLE `media` ENABLE KEYS */;
UNLOCK TABLES;

--
-- Table structure for table `media_types`
--

DROP TABLE IF EXISTS `media_types`;
/*!40101 SET @saved_cs_client     = @@character_set_client */;
/*!40101 SET character_set_client = utf8 */;
CREATE TABLE `media_types` (
  `id` int(10) unsigned NOT NULL AUTO_INCREMENT COMMENT 'Идентификатор строки',
  `name` varchar(255) COLLATE utf8mb4_unicode_ci NOT NULL COMMENT 'Название типа',
  `created_at` datetime DEFAULT current_timestamp() COMMENT 'Время создания строки',
  `updated_at` datetime DEFAULT current_timestamp() ON UPDATE current_timestamp() COMMENT 'Время обновления строки',
  PRIMARY KEY (`id`),
  UNIQUE KEY `name` (`name`)
) ENGINE=InnoDB AUTO_INCREMENT=5 DEFAULT CHARSET=utf8mb4 COLLATE=utf8mb4_unicode_ci COMMENT='Типы медиафайлов';
/*!40101 SET character_set_client = @saved_cs_client */;

--
-- Dumping data for table `media_types`
--

LOCK TABLES `media_types` WRITE;
/*!40000 ALTER TABLE `media_types` DISABLE KEYS */;
INSERT INTO `media_types` VALUES (1,' image','2021-03-21 05:37:28','2012-08-02 14:18:06'),(2,'audio','2013-03-03 23:07:21','2013-11-22 16:49:01'),(3,' document','2019-05-25 21:34:55','2011-05-17 15:16:17'),(4,' video','2014-11-30 08:22:35','2012-10-01 02:56:16');
/*!40000 ALTER TABLE `media_types` ENABLE KEYS */;
UNLOCK TABLES;

--
-- Table structure for table `messages`
--

DROP TABLE IF EXISTS `messages`;
/*!40101 SET @saved_cs_client     = @@character_set_client */;
/*!40101 SET character_set_client = utf8 */;
CREATE TABLE `messages` (
  `id` int(10) unsigned NOT NULL AUTO_INCREMENT COMMENT 'Идентификатор строки',
  `from_user_id` int(10) unsigned NOT NULL COMMENT 'Ссылка на отправителя сообщения',
  `to_user_id` int(10) unsigned NOT NULL COMMENT 'Ссылка на получателя сообщения',
  `body` text COLLATE utf8mb4_unicode_ci NOT NULL COMMENT 'Текст сообщения',
  `is_important` tinyint(1) DEFAULT NULL COMMENT 'Признак важности',
  `is_delivered` tinyint(1) DEFAULT NULL COMMENT 'Признак доставки',
  `created_at` datetime DEFAULT current_timestamp() COMMENT 'Время создания строки',
  PRIMARY KEY (`id`)
) ENGINE=InnoDB AUTO_INCREMENT=101 DEFAULT CHARSET=utf8mb4 COLLATE=utf8mb4_unicode_ci COMMENT='Сообщения';
/*!40101 SET character_set_client = @saved_cs_client */;

--
-- Dumping data for table `messages`
--

LOCK TABLES `messages` WRITE;
/*!40000 ALTER TABLE `messages` DISABLE KEYS */;
INSERT INTO `messages` VALUES (1,1,24,'Enim voluptatem fugiat dolor quia hic. Fugit qui possimus odio ut. Quibusdam et doloremque qui quo non suscipit quia. Neque fugiat dolorem cumque vitae eligendi.',1,0,'2013-11-26 11:41:47'),(2,2,5,'Officiis non repellat iste consectetur non. Aut repellat neque eum et. Quia blanditiis ipsum repudiandae. Ut non natus commodi porro totam.',0,1,'2018-12-03 15:41:57'),(3,3,78,'Id quis debitis assumenda sit. Est et quia delectus dolor adipisci voluptatem id. Amet enim quasi omnis et id eum. Minima provident atque expedita iusto hic et aut dolorum.',0,0,'2012-12-03 19:02:29'),(4,4,22,'Enim eum cum praesentium beatae. Voluptatem est quidem totam quia maiores eaque ipsa eaque. Atque similique nihil labore veniam voluptatem numquam quos. Sit quod cum delectus iure rerum beatae.',0,0,'2019-05-28 23:56:12'),(5,5,21,'Inventore quia cumque vitae voluptate rerum. Vel sunt velit quasi et. Alias adipisci vero debitis rerum ad ut alias ad. At distinctio laudantium nisi sint alias sit perferendis.',0,1,'2020-05-29 09:43:24'),(6,6,86,'Est quae aut voluptatem magni eum autem et repudiandae. Officia esse reiciendis sit eos error aut iusto. Quo cum aut saepe id neque deserunt quia in. Officiis laudantium doloribus molestias quia fugiat dignissimos.',0,1,'2013-05-20 11:37:20'),(7,7,57,'Quod et enim aperiam est voluptatem. Minima nihil nesciunt est dolores praesentium officiis. Accusamus rerum doloribus nostrum ut.',1,1,'2014-03-05 22:22:51'),(8,8,69,'Libero doloremque est laudantium nam iusto architecto. Labore earum aut minus molestiae necessitatibus et cum. Inventore aut soluta cum. Quas blanditiis aut inventore odit nesciunt.',1,1,'2017-03-22 15:02:49'),(9,9,81,'Dicta architecto quidem eos aliquid ea est fugiat. Illo est ipsam id voluptatibus. Illo nobis qui ut officia asperiores maxime.',1,0,'2016-09-27 22:49:26'),(10,10,41,'Est optio fugit saepe aut neque. Quis quos deleniti dicta ipsum dolorum. Magnam ut itaque earum suscipit.',1,0,'2016-12-13 12:24:41'),(11,11,52,'Et deserunt et est quod. Nesciunt eum suscipit veritatis nobis excepturi aut consequuntur. Tempore quis omnis ad fuga.',0,1,'2011-06-10 17:48:02'),(12,12,94,'Adipisci voluptatem est consequatur qui qui sit autem. Omnis error consequatur ipsa sunt voluptate.',1,1,'2011-12-10 02:17:39'),(13,13,99,'Pariatur aliquam commodi eos nesciunt quia aut eius tenetur. Cumque doloremque deleniti ut adipisci ex eius ullam. Et sed molestiae aut minus.',1,0,'2018-12-24 15:08:00'),(14,14,37,'Dolorum qui laborum labore est aut. Unde ea sed vel quisquam doloribus placeat. Ut maiores molestias sed eos laboriosam officiis officia. Explicabo assumenda soluta nam exercitationem ea.',0,1,'2019-08-22 16:47:23'),(15,15,87,'Est quibusdam voluptas perspiciatis eligendi qui excepturi et. Molestias modi molestias similique. Omnis consectetur optio perspiciatis quod aut et ipsam. Vel aut vel voluptas esse. Eos eligendi quod voluptatem quisquam quasi.',1,0,'2016-08-15 04:55:29'),(16,16,74,'Eum temporibus totam dolorum et aut velit. Amet quia dolorem assumenda optio voluptatem. Harum non iusto voluptatem veniam est nihil. Nobis voluptate iure debitis nesciunt.',1,1,'2019-02-18 20:38:08'),(17,17,88,'Non officiis eos sunt dolor quam optio deleniti. Eveniet qui vel facilis molestias. Eos accusantium recusandae possimus tempora qui dolores excepturi.',0,1,'2016-04-12 14:26:54'),(18,18,29,'Ea possimus cupiditate unde sit. Libero et deserunt enim consequatur in. Nihil totam aut labore. Voluptas quo possimus mollitia quia est.',0,0,'2019-08-06 13:21:15'),(19,19,56,'Voluptate voluptas officia veniam et illum magni ducimus eius. Fugiat sit provident placeat voluptate. Minus veritatis accusamus facilis tempore voluptatem ipsa iusto repudiandae. Saepe voluptates quia sint enim optio. Ipsam et libero non.',0,1,'2015-05-20 07:28:35'),(20,20,61,'Animi autem cumque in eius necessitatibus repellat perferendis. Suscipit ea possimus consectetur iste voluptas. Doloribus natus voluptas voluptas reprehenderit. Possimus deserunt earum et.',1,0,'2017-10-20 23:24:13'),(21,21,38,'Accusamus cumque distinctio ut deserunt magni. Et voluptatem aut autem nihil maxime. Minima cumque nam eaque.',1,0,'2021-03-06 07:07:31'),(22,22,99,'Quisquam iste porro provident dolor omnis. Aut aspernatur nobis facere aliquid molestias atque. Unde nisi nulla tempore totam et iste quae.',0,1,'2017-01-15 04:53:59'),(23,23,67,'Non cupiditate esse in veritatis. Eum nihil quis dolorum corporis. Ut consectetur consequatur sit et. Eligendi eum est et voluptas.',1,1,'2012-10-08 18:34:31'),(24,24,82,'Voluptates laudantium aut et iure. Veniam at omnis libero ut animi sed. Et et quasi doloremque eos.',0,0,'2017-07-02 02:29:37'),(25,25,8,'Dolorum minima sed assumenda minus neque. Nobis sunt vitae adipisci. Eaque sit neque nesciunt sunt consequatur aliquid est. Non facere et voluptatem eaque velit.',0,0,'2020-02-21 22:19:01'),(26,26,74,'Ipsam labore voluptatem beatae quis quas nobis. Adipisci qui enim sit soluta repudiandae ea voluptates nesciunt. Itaque aperiam quia vero ut nihil dolor asperiores molestias. Et saepe provident dolores quo corporis.',1,0,'2015-07-22 00:52:18'),(27,27,85,'Qui accusamus ab voluptas molestias est officiis hic. Rerum nisi et sunt aut adipisci quam distinctio. Doloremque facilis blanditiis atque voluptate. Totam nesciunt laboriosam nulla quis. Iure doloribus qui dignissimos quibusdam odit hic.',1,1,'2013-08-17 18:50:47'),(28,28,41,'Et vel rerum rerum ullam enim consequatur sint. Vel nostrum exercitationem ut sed magnam. Doloremque voluptas delectus officia autem consequuntur hic tenetur ut. Similique mollitia nisi temporibus id aut possimus quaerat. Est eius qui culpa perferendis iste voluptatem et.',0,0,'2013-07-30 11:16:49'),(29,29,30,'Ut nemo expedita error aut cum corrupti. Dignissimos sit et ullam est. Itaque quos voluptatem porro provident.',0,1,'2015-12-23 20:45:31'),(30,30,75,'Reprehenderit voluptate rerum nobis necessitatibus voluptate praesentium ducimus. Itaque omnis incidunt natus reprehenderit. Ut cumque harum ut. Ducimus dolores adipisci ipsam quam omnis in hic. Repudiandae ut blanditiis eum ipsum culpa doloremque quibusdam.',1,1,'2020-03-08 16:57:57'),(31,31,75,'Laudantium hic excepturi aut fugit. Aut ipsam molestias minima amet voluptate non est.',0,1,'2013-11-12 08:03:36'),(32,32,53,'Ut eius saepe repellat non blanditiis numquam ab dicta. Debitis corrupti aut commodi optio sit iste qui et. Voluptatum consequatur quae quis iure. Qui sint ratione molestiae neque quo.',1,1,'2017-06-02 21:45:21'),(33,33,79,'Suscipit alias non qui totam. Expedita voluptatem et quaerat soluta quibusdam. Illo tenetur ut sint voluptas eligendi enim porro molestias. Quis aut voluptatem est odit.',1,1,'2013-01-15 23:28:34'),(34,34,53,'Dignissimos molestias recusandae quia ex placeat. Distinctio et esse et fuga praesentium. Odit sequi esse ab amet dolorem et temporibus.',1,0,'2020-02-03 11:22:07'),(35,35,75,'Suscipit magni laudantium ut ab voluptatem. Eum explicabo earum praesentium corrupti aut debitis maxime. Excepturi quos a exercitationem iure repudiandae voluptates. Aut dolores quasi corporis et.',0,1,'2014-04-14 17:27:57'),(36,36,99,'Dignissimos molestias autem dolores et sint. Eveniet ab optio cupiditate ratione nostrum rerum neque. Iusto consequatur voluptates doloribus sit eos accusamus.',0,1,'2017-09-26 00:04:42'),(37,37,38,'Temporibus placeat ex non et. Non delectus reprehenderit rerum natus id voluptatem eum. Suscipit nisi quia qui quaerat est voluptas. Sit eos aliquam consequatur. Eveniet nisi molestias non aut omnis et.',1,0,'2015-05-20 14:07:48'),(38,38,31,'Ut et itaque blanditiis ad. Quia tenetur repellat quia nulla sint. Ut amet voluptatum occaecati voluptatum error repellendus.',0,1,'2021-03-15 15:15:52'),(39,39,68,'Ipsa sed nesciunt est aspernatur. Itaque enim sunt nisi debitis nihil ea. Similique id aliquam aliquid quo nostrum impedit dicta voluptatem. Itaque ducimus placeat rerum est debitis saepe consectetur.',1,1,'2013-05-14 18:08:12'),(40,40,19,'Qui corrupti nobis similique omnis optio sed dolores odit. Et voluptatem eius repellendus. Optio dolorem aut reiciendis laborum et mollitia. Pariatur neque non reprehenderit sit velit.',0,1,'2015-06-06 08:49:25'),(41,41,72,'Itaque voluptatibus non corrupti. Temporibus aliquid soluta tenetur enim. Ea corrupti consequatur omnis est ipsa vero sed.',1,0,'2015-04-07 03:58:30'),(42,42,19,'Inventore voluptatem est sit ea. Deserunt illum dicta nihil. Blanditiis at perspiciatis sapiente dolore ad in et. Id iusto nostrum vel commodi aut. Natus sed esse consequatur sint magnam quisquam.',0,0,'2011-10-19 06:51:44'),(43,43,13,'Dolorem consequatur perspiciatis similique voluptas. Dolores dolorum laborum dolorum alias et. Sapiente non occaecati laboriosam totam.',1,1,'2017-02-06 15:12:31'),(44,44,71,'Eos architecto omnis minima et aut libero. Omnis velit rem laborum iure aperiam est nobis. Accusamus doloribus reprehenderit velit eligendi.',1,1,'2011-09-27 09:57:58'),(45,45,56,'Reprehenderit praesentium ullam rerum modi tempora fugiat. Dicta asperiores vitae hic illo. Quas est sed sit dolorem molestiae ut voluptas modi.',0,1,'2019-10-08 23:45:55'),(46,46,99,'Voluptatum quod facere voluptate cumque tenetur labore consequuntur. Qui ducimus iste corrupti minus repudiandae laboriosam dolorem. Recusandae optio labore est.',0,0,'2016-09-21 00:34:23'),(47,47,44,'Ipsa deleniti aut distinctio molestiae. Est dolores quia molestiae repudiandae sint eos. Exercitationem blanditiis doloremque harum unde alias ipsum perferendis. Ea maiores placeat numquam totam.',1,1,'2012-08-28 14:55:56'),(48,48,43,'Quidem temporibus perspiciatis autem atque natus velit corrupti totam. Similique laboriosam cumque omnis consequatur. Suscipit quia at odit consequatur.',0,1,'2015-06-18 14:50:51'),(49,49,28,'Eum fugiat nesciunt dolorem temporibus fugiat sunt perferendis dolorem. Magnam asperiores qui quibusdam est et repellendus dolorem quos. Aspernatur possimus eum ratione neque rerum rerum quas.',0,0,'2015-05-03 18:38:07'),(50,50,100,'Unde vitae dicta est debitis quidem magni quae. Recusandae aliquam in voluptas esse. Quibusdam sed aliquam cupiditate est.',1,0,'2019-02-11 10:06:01'),(51,51,3,'Qui reiciendis rem voluptatem aut ducimus distinctio. Ad ducimus perspiciatis voluptatem enim voluptatum odit mollitia. Omnis ea cupiditate minus molestiae.',1,0,'2021-03-24 18:15:16'),(52,52,65,'Sapiente ipsa dolores inventore dolor quasi. Aut dolorum animi molestiae repudiandae iusto rem eveniet. Excepturi molestiae et voluptas soluta voluptatibus et magni. Velit dolore voluptates repellendus autem.',1,0,'2021-03-12 03:10:49'),(53,53,98,'Necessitatibus adipisci eum veniam ut omnis vero molestiae. Eaque doloremque beatae enim suscipit et sit. Quidem fugiat distinctio non cum temporibus accusantium a doloremque. Magni minima quam praesentium est tempore.',0,0,'2018-05-08 01:33:52'),(54,54,70,'Sint unde dignissimos voluptas. Velit quibusdam vero libero nesciunt quam.',0,0,'2015-01-19 18:45:43'),(55,55,47,'Architecto officiis ut ratione dolores fugiat quis modi saepe. Vitae sequi mollitia consequatur ea aliquid. Consectetur dicta incidunt sit dignissimos.',0,0,'2013-11-11 04:25:26'),(56,56,6,'Sequi sequi magni earum nihil. Quisquam ut doloremque autem quo dignissimos perferendis. Magnam aspernatur eos temporibus expedita deleniti voluptates ut. Nostrum nam qui blanditiis et necessitatibus ex rem.',0,0,'2018-05-12 08:08:13'),(57,57,44,'Cumque et quia velit perspiciatis eos voluptatem consequatur. Sunt facilis voluptatem perferendis qui voluptatum ab distinctio provident. Voluptatem velit eos dignissimos cupiditate eos. Temporibus nulla deleniti autem ipsum. Officia dolore natus eum a eos quaerat qui.',1,1,'2016-08-10 19:02:38'),(58,58,31,'Necessitatibus ut dolor molestias vel ut voluptatem et. Quis non ab et qui veritatis qui enim. Corporis cumque beatae neque quam.',1,1,'2018-01-14 11:15:04'),(59,59,46,'Saepe quisquam omnis similique. Explicabo voluptatem et quis modi et at maxime. Eum quia ullam esse officiis magni exercitationem omnis. Maiores qui corrupti rem harum expedita. Tempora dignissimos architecto aliquid necessitatibus occaecati quo cum omnis.',1,1,'2020-07-18 01:14:50'),(60,60,73,'Porro autem quo dolore quidem et velit quibusdam quidem. Sapiente incidunt reiciendis nulla excepturi vitae ut enim quae. Eos quis ad impedit enim quo minus nam.',1,1,'2014-01-17 18:19:24'),(61,61,6,'Voluptate commodi quam quia. Expedita qui rerum deleniti ut aut qui dolores.',1,1,'2012-12-14 21:55:57'),(62,62,21,'Exercitationem aperiam et consectetur sapiente ducimus. Eveniet iure impedit quia quisquam dolorem et. Consequuntur inventore molestiae quis vero odit voluptate.',0,0,'2018-04-18 13:19:35'),(63,63,26,'Sit velit qui qui quasi qui est itaque. Nesciunt est delectus ullam quia. Quidem sint inventore sit. Ab non mollitia quia rerum quia.',1,0,'2011-09-30 12:48:08'),(64,64,84,'Sit voluptatem ratione nihil et. Ipsam dicta sequi quaerat perferendis. Et in qui et error necessitatibus aperiam dolor. Quam molestiae ut illo velit.',0,1,'2012-10-08 22:34:13'),(65,65,73,'Consequatur molestiae fuga doloribus voluptatem ut molestiae pariatur. Repellat dolorum ut et aspernatur quis dolorum sunt. Reiciendis saepe vitae ducimus eaque assumenda animi. Nemo fugit tempora asperiores nesciunt in qui.',1,0,'2018-05-11 13:30:47'),(66,66,100,'Eligendi maxime et totam. Saepe corrupti harum cupiditate aliquid. Molestias dolore fuga reiciendis incidunt qui odit voluptatem commodi. Qui voluptates animi aut delectus suscipit ducimus.',1,1,'2019-07-17 16:23:47'),(67,67,83,'Cum enim maiores totam facere non voluptas. Est eius eveniet quo. Officia ad ipsum qui laudantium voluptatem voluptatem quas.',0,0,'2012-10-16 00:33:26'),(68,68,11,'Non incidunt eos qui modi consequatur vitae nihil ea. Aut quaerat totam numquam deserunt ab. Delectus error sit tempore quo animi fugiat autem.',1,1,'2018-05-09 05:46:35'),(69,69,31,'Iusto omnis fuga sapiente et consequatur. Ipsa alias eos nisi est sunt natus. Voluptate maxime dolorem at sunt.',0,0,'2017-09-25 04:20:06'),(70,70,50,'Doloribus quis iste iusto neque modi. Facere at qui nemo. Eaque voluptas illo reprehenderit ut molestiae. Ex aut illum voluptas.',1,1,'2018-12-01 08:49:55'),(71,71,30,'Ea repellendus eum deserunt eum. Et aliquid sit rem voluptatem. Est optio dolore quia sequi blanditiis saepe.',0,0,'2011-09-28 19:51:28'),(72,72,3,'Animi ab rerum et et necessitatibus aut est. Laborum sunt velit distinctio id impedit rerum. Provident nulla id sapiente veniam dolore reiciendis.',0,1,'2020-02-07 22:57:40'),(73,73,69,'Dicta ea velit accusantium molestias qui voluptate soluta. Sint in dolorem quia eum. Animi sed laudantium dignissimos ut. Id error blanditiis corrupti.',0,1,'2012-06-20 15:15:43'),(74,74,42,'Sed eveniet molestiae harum eligendi ea doloribus. Et odio illo in aut molestiae maxime quia iusto. Dolore velit non maiores reprehenderit quia dolores sint. Praesentium in ut quisquam.',0,0,'2014-09-24 15:15:57'),(75,75,73,'Aut omnis omnis in ea mollitia doloribus facere. Tempora facere voluptatum est repellendus quaerat sed. Culpa nesciunt aspernatur a distinctio ipsum laudantium.',1,0,'2013-03-28 12:58:28'),(76,76,24,'Sed veniam a odit est qui vero aliquid. A rerum alias eligendi mollitia. Officiis assumenda voluptas reprehenderit maiores beatae quidem laudantium voluptas. Cum qui architecto voluptate rerum tempora.',0,0,'2020-03-25 00:08:52'),(77,77,40,'Ab inventore vel iure ut. Sed expedita aliquid fuga omnis eum itaque. Reprehenderit illo et voluptatem tempora officiis. Dolore sed ipsum quia praesentium rerum molestiae.',1,0,'2016-03-22 05:39:34'),(78,78,17,'Veniam facere ut rem perspiciatis. Et officia impedit eius aspernatur corrupti. Eaque cupiditate et magni laudantium voluptatem impedit. Nam odio eligendi asperiores.',0,1,'2020-02-05 08:25:19'),(79,79,66,'Vero cupiditate earum tempore id quidem iusto. Quas modi ut eaque sed. Et aut libero et est hic et provident fuga. Facere officiis cum asperiores illo.',1,1,'2021-04-02 10:04:29'),(80,80,68,'Voluptate reiciendis excepturi qui quisquam sed. Et sequi et voluptates magnam iusto. Molestiae iusto veritatis modi deleniti. Sed eum ut ipsum nulla.',1,1,'2020-08-22 07:02:56'),(81,81,16,'Minima velit sequi esse accusantium vel quia. Vel iusto et reprehenderit fuga est expedita quibusdam. Sunt adipisci mollitia nihil ullam. Aliquid necessitatibus debitis rem.',1,0,'2016-09-17 17:33:57'),(82,82,69,'Eaque in quo vitae qui nobis. Fuga placeat in unde voluptate. Assumenda a aut neque aut aut molestias. Distinctio eos nobis quibusdam ratione dolore at sed ullam. Consequatur deserunt reprehenderit ratione quis sit rerum sed.',0,0,'2019-10-17 20:00:02'),(83,83,32,'Laudantium aliquid et ea mollitia provident. Itaque exercitationem et aliquam qui. Minima et voluptatibus quidem quos sit. Enim velit alias dolorum.',0,1,'2016-09-27 13:23:25'),(84,84,14,'Delectus voluptate possimus dolore. Laudantium temporibus accusantium voluptas sunt modi aut magni. Mollitia deleniti labore qui voluptatibus non iure.',0,1,'2014-08-08 05:26:20'),(85,85,38,'Minima a repellendus culpa quia tempora magnam qui. Exercitationem sed ut sequi omnis. Veniam libero illo blanditiis.',0,1,'2018-02-05 06:44:43'),(86,86,79,'Neque qui dolores tenetur dolorem ut harum. Voluptatem ipsam nobis dolor aut et voluptatem expedita.',0,0,'2017-09-17 04:43:30'),(87,87,19,'Debitis nihil qui et non corporis possimus explicabo. Necessitatibus libero id vitae iusto aperiam ex. Fuga a repellendus sunt at nam. Officiis qui porro nihil mollitia at et.',1,1,'2011-05-11 02:10:15'),(88,88,81,'Quis ipsa fugit recusandae sunt. Facilis quia unde asperiores aut. Delectus amet quo voluptatum eius. Deleniti debitis nostrum quibusdam amet.',0,0,'2017-11-11 20:29:27'),(89,89,10,'Atque id eaque est. Non voluptatem exercitationem sint quod quos.',1,0,'2012-03-16 00:37:25'),(90,90,65,'Nihil illo aperiam possimus quidem alias blanditiis sequi. Quia dolorem odit enim eligendi quia magni. Incidunt dolor hic id velit.',0,0,'2015-01-02 12:39:44'),(91,91,54,'Quo soluta veniam earum culpa est. Asperiores inventore aut aut in. Dolor sit consectetur et molestiae consequatur. Voluptatem ipsum voluptatem quia non ipsam impedit incidunt.',1,1,'2018-03-25 16:28:44'),(92,92,15,'Mollitia soluta facilis ut commodi rerum qui. Ea maxime pariatur itaque ut sapiente blanditiis. Eligendi quia officia tempore.',1,0,'2013-06-08 03:12:32'),(93,93,86,'Voluptatum enim dolorem nobis totam ipsam est. Delectus iure et quos et aut in consequuntur odio. Error similique cum quaerat nobis.',1,0,'2017-09-09 18:53:37'),(94,94,79,'Ut consectetur et debitis exercitationem. Omnis dolor exercitationem eveniet. Ea asperiores et necessitatibus ratione optio ut unde. Quos quod inventore modi non eum est aut a.',0,0,'2017-08-22 17:21:24'),(95,95,98,'Unde ut occaecati quia quasi. Sint necessitatibus aut perspiciatis nesciunt. Incidunt quasi est atque. Qui autem quasi sequi repellendus omnis accusantium qui.',1,0,'2015-10-18 04:38:46'),(96,96,58,'Debitis ullam in sed itaque beatae. Consequatur voluptatem voluptatum a rerum ipsam dolorem. Quae vel dolor quam reiciendis ea. Nihil consectetur velit quod et incidunt id totam.',0,1,'2016-07-14 22:47:04'),(97,97,79,'Et quisquam maiores esse velit qui a. Sit sed amet asperiores eligendi velit qui dolor. Velit sapiente quae beatae repellendus.',1,1,'2011-04-23 20:37:59'),(98,98,80,'Nihil atque et debitis quia. Enim similique eos fuga suscipit. Eaque nulla a vel corrupti numquam.',0,0,'2016-04-29 15:11:43'),(99,99,69,'Quo est velit ut inventore minima officia enim. Iusto accusantium amet nobis aut.',1,0,'2017-08-14 06:35:30'),(100,100,10,'Eum consequatur molestiae dolore mollitia quo et. Occaecati esse voluptatem ut enim occaecati maiores veniam. Vel vitae a nostrum est sunt porro sed autem. Rerum est alias totam quis repellendus libero est.',1,0,'2015-03-17 08:45:53');
/*!40000 ALTER TABLE `messages` ENABLE KEYS */;
UNLOCK TABLES;

--
-- Table structure for table `profiles`
--

DROP TABLE IF EXISTS `profiles`;
/*!40101 SET @saved_cs_client     = @@character_set_client */;
/*!40101 SET character_set_client = utf8 */;
CREATE TABLE `profiles` (
  `user_id` int(10) unsigned NOT NULL COMMENT 'Ссылка на пользователя',
  `gender` char(1) COLLATE utf8mb4_unicode_ci NOT NULL COMMENT 'Пол',
  `birthday` date DEFAULT NULL COMMENT 'Дата рождения',
  `city` varchar(130) COLLATE utf8mb4_unicode_ci DEFAULT NULL COMMENT 'Город проживания',
  `country` varchar(130) COLLATE utf8mb4_unicode_ci DEFAULT NULL COMMENT 'Страна проживания',
  `created_at` datetime DEFAULT current_timestamp() COMMENT 'Время создания строки',
  `updated_at` datetime DEFAULT current_timestamp() ON UPDATE current_timestamp() COMMENT 'Время обновления строки',
  PRIMARY KEY (`user_id`)
) ENGINE=InnoDB DEFAULT CHARSET=utf8mb4 COLLATE=utf8mb4_unicode_ci COMMENT='Профили';
/*!40101 SET character_set_client = @saved_cs_client */;

--
-- Dumping data for table `profiles`
--

LOCK TABLES `profiles` WRITE;
/*!40000 ALTER TABLE `profiles` DISABLE KEYS */;
INSERT INTO `profiles` VALUES (1,'f','2016-02-09','East Cedrick','66587','2013-06-28 03:46:40','2015-08-26 22:37:37'),(2,'f','1990-05-29','Lake Creolamouth','3597','2019-05-10 09:04:48','2015-01-18 12:25:57'),(3,'m','2020-10-29','New Olaf','793','2011-05-19 14:17:04','2017-10-27 13:02:12'),(4,'m','2013-04-28','South Ronport','16125','2014-05-30 02:59:46','2017-09-17 21:04:31'),(5,'m','1998-11-17','New Rickeyburgh','353','2013-02-19 18:29:29','2019-05-14 08:40:14'),(6,'m','2004-10-03','South Fabiola','34652029','2020-08-01 00:03:22','2011-07-02 07:35:21'),(7,'f','1991-11-21','Schroederchester','374','2015-07-18 06:09:25','2019-03-27 21:05:14'),(8,'m','2014-03-20','New Loren','102977','2014-08-03 07:04:55','2019-01-18 14:58:11'),(9,'m','1979-11-04','Yvonnestad','','2012-11-06 04:48:46','2020-05-09 18:06:43'),(10,'m','2009-04-02','Chasityview','30193','2011-06-16 19:45:57','2013-04-04 22:39:17'),(11,'m','2014-04-07','Lake Benjamin','2061','2017-02-10 06:12:01','2014-08-02 09:15:09'),(12,'f','1971-07-03','Miashire','26676','2016-09-28 21:28:09','2016-12-02 08:26:44'),(13,'f','2016-05-04','Kozeyborough','8129623','2017-02-09 12:34:40','2020-05-30 14:51:10'),(14,'f','1979-07-25','North Shayneview','7079','2016-02-15 20:12:01','2016-06-25 20:10:51'),(15,'m','1995-03-03','DuBuquetown','','2017-03-07 06:32:16','2019-02-05 03:07:58'),(16,'m','1985-08-21','Jessyview','1794935','2020-04-01 08:46:21','2015-01-07 06:06:22'),(17,'m','2020-05-18','Port Lisandrofurt','2484452','2017-05-13 08:11:27','2014-05-24 10:10:09'),(18,'m','2013-06-17','East Ovamouth','81981585','2012-05-08 10:30:05','2020-06-17 05:29:04'),(19,'m','1974-06-03','Augustuschester','851606503','2012-07-27 21:29:03','2011-08-14 08:43:50'),(20,'m','1974-11-16','West Rosetta','18172','2014-09-24 16:51:20','2015-12-29 00:02:33'),(21,'f','2012-06-19','North Lois','','2011-05-22 20:40:28','2017-04-16 00:58:28'),(22,'f','1986-03-07','Theresiaberg','97','2017-09-07 11:58:22','2019-02-06 06:38:38'),(23,'f','2006-11-19','West Jace','59','2013-02-23 23:07:08','2015-02-08 23:45:57'),(24,'m','1979-03-02','Jerdetown','69090','2012-01-02 22:24:04','2012-09-04 13:23:58'),(25,'m','1984-01-04','Port Camylleton','64300','2018-04-22 18:14:34','2019-06-17 17:08:14'),(26,'m','1992-08-03','West Wendellton','8','2017-05-17 22:27:19','2016-04-03 01:03:51'),(27,'f','1973-08-07','South Marcella','29336','2012-08-29 04:43:46','2011-05-06 16:09:53'),(28,'f','1990-12-16','Mylesview','706','2013-12-07 17:59:20','2014-02-27 08:57:17'),(29,'f','1982-09-03','Houstonmouth','75044326','2016-04-30 23:08:16','2016-03-18 07:45:47'),(30,'m','2000-09-09','Lynchborough','876029','2013-02-28 23:05:35','2018-11-23 03:27:20'),(31,'f','1979-04-23','West Ameliamouth','23089','2013-11-29 20:59:15','2014-05-29 09:48:38'),(32,'m','1984-04-28','Lake Colton','992535840','2019-01-16 20:34:06','2013-11-19 05:15:20'),(33,'m','2009-08-29','West Aishaton','','2012-08-05 18:03:15','2016-11-04 13:59:44'),(34,'m','2006-03-06','East Kathrynburgh','93537','2011-09-10 05:37:34','2019-08-11 07:16:48'),(35,'f','1982-12-29','Pfannerstillport','155467723','2016-10-29 08:49:05','2019-04-09 17:47:09'),(36,'m','1980-09-29','Langfort','1601','2012-09-10 09:15:10','2012-11-17 04:51:19'),(37,'f','2005-02-02','Kentonmouth','','2020-07-12 16:23:00','2013-01-01 21:55:39'),(38,'m','2016-12-18','Percyville','11258','2021-03-29 20:51:23','2013-03-20 19:56:21'),(39,'f','2003-12-13','Clairville','2726127','2012-08-03 16:53:05','2020-08-07 19:59:27'),(40,'f','2019-07-30','Hettingerview','45547','2014-11-25 02:06:29','2011-07-18 14:48:48'),(41,'f','2003-05-18','Gibsonbury','215807487','2018-05-03 07:24:06','2014-08-01 12:02:44'),(42,'f','1983-08-25','East Samanta','7674','2013-06-24 12:31:55','2021-03-13 13:35:34'),(43,'m','1997-11-27','Ferryview','31485','2013-07-10 01:46:32','2019-01-20 21:12:29'),(44,'m','2006-08-13','Port Tamara','887','2019-07-21 00:18:26','2019-04-26 11:44:34'),(45,'f','2008-07-22','Botsfordfurt','99','2020-10-14 10:17:45','2016-06-09 03:07:48'),(46,'f','2015-03-02','Dariantown','9428','2020-11-06 18:35:30','2020-12-24 09:00:44'),(47,'m','1985-08-09','Vandervortstad','1','2012-08-11 23:01:46','2020-11-30 20:41:10'),(48,'f','2012-10-19','South Clifton','4988','2019-10-29 19:14:54','2014-04-05 14:56:29'),(49,'m','1975-06-29','Heidenreichmouth','5072485','2012-04-20 01:05:54','2014-01-23 10:30:58'),(50,'f','2007-05-20','Port Gertrude','','2011-11-08 00:11:12','2016-11-22 01:00:45'),(51,'m','1976-06-05','East Israel','17257399','2015-08-02 15:00:28','2018-02-02 11:34:06'),(52,'f','2015-09-19','Wymanview','307475713','2011-06-03 12:30:24','2012-04-06 07:17:10'),(53,'f','1995-04-22','Krisview','9','2011-04-27 03:20:22','2018-07-15 05:53:55'),(54,'f','1970-07-18','Feliciabury','57','2019-08-16 13:19:50','2012-10-29 10:04:11'),(55,'f','2002-01-26','Lake Albin','6843118','2017-05-02 16:31:04','2014-11-17 14:21:14'),(56,'m','1985-04-27','New Darrion','53','2013-12-25 05:41:43','2018-08-19 14:16:53'),(57,'f','1995-09-15','East Allison','88046550','2013-05-29 02:27:20','2016-02-24 07:30:59'),(58,'f','1970-06-29','Collinsport','719313635','2017-10-04 01:36:10','2015-09-11 16:17:53'),(59,'f','1996-08-24','McClureborough','8142','2018-04-04 10:40:18','2018-11-09 04:42:56'),(60,'m','2012-12-26','Freedaton','','2012-07-07 09:50:56','2021-02-03 06:17:10'),(61,'f','2012-10-25','East Hortensefort','','2018-11-04 01:51:25','2020-07-07 00:19:41'),(62,'f','1986-11-21','Zelmashire','199','2015-05-23 17:46:45','2018-05-17 16:25:51'),(63,'f','2012-12-01','West Sandrineton','563482932','2016-04-20 20:10:09','2013-08-27 13:53:48'),(64,'m','1995-09-21','Lucasland','27806127','2017-06-21 05:55:28','2016-02-15 19:54:44'),(65,'f','2000-08-24','East Dashawn','97308192','2015-09-18 03:19:58','2015-05-12 15:45:04'),(66,'m','1993-07-05','Kovacekbury','1673','2012-04-23 09:57:33','2017-03-04 02:54:34'),(67,'f','1999-03-02','Daremouth','18496','2019-08-21 08:04:58','2013-10-28 15:22:03'),(68,'f','1981-08-04','Port Paige','65','2012-01-29 00:47:21','2014-06-06 11:24:08'),(69,'f','1990-05-24','Generalfurt','','2016-05-24 23:53:45','2013-10-27 20:12:16'),(70,'f','1990-06-17','Klingborough','665858119','2015-11-23 12:48:23','2016-07-22 03:41:12'),(71,'f','2006-06-21','North Giovanny','87302','2017-09-30 13:16:45','2016-07-03 05:02:10'),(72,'m','2012-07-04','Vincentville','84812','2018-10-21 20:58:32','2019-05-09 07:55:03'),(73,'m','2019-04-05','Paulineborough','38','2018-12-21 18:44:25','2014-04-07 06:46:58'),(74,'m','2003-01-30','East Xavier','11177108','2015-12-20 05:18:52','2014-08-14 00:31:48'),(75,'f','2002-08-07','East Keith','7989','2020-04-30 17:23:52','2013-07-12 04:49:56'),(76,'m','1982-03-03','Wehnerburgh','578785842','2013-07-24 23:18:06','2020-08-08 04:15:00'),(77,'m','1984-12-03','Emmerichport','85','2017-10-04 03:24:10','2012-06-01 19:50:25'),(78,'f','2008-02-27','South Vinceborough','997471','2016-12-14 16:51:42','2020-10-21 01:57:31'),(79,'m','1990-12-11','Jovanystad','21252','2016-05-24 06:51:26','2014-09-09 20:17:43'),(80,'m','2020-02-09','Marvinmouth','40','2020-09-03 12:50:31','2012-06-07 09:59:05'),(81,'f','2000-04-11','Judgeland','60996','2018-04-11 09:54:18','2012-03-16 23:26:21'),(82,'m','2004-08-07','South Malikaside','985','2014-10-16 20:13:45','2015-09-17 06:16:35'),(83,'m','2012-02-20','Lake Travistown','52','2016-12-22 07:03:52','2013-12-25 05:01:52'),(84,'m','1986-04-18','South Kian','233729','2013-03-19 02:22:59','2016-02-10 13:48:22'),(85,'m','2000-09-22','East Mabelle','1','2014-09-21 17:50:24','2020-12-12 13:22:27'),(86,'f','1987-08-12','Port Octaviastad','22955','2014-10-23 05:19:43','2020-03-01 05:12:38'),(87,'m','1995-09-02','Lake Annamaetown','','2015-09-17 20:17:12','2019-03-03 18:51:21'),(88,'m','1980-04-16','New Rahulmouth','74323039','2014-05-26 23:59:15','2012-06-03 23:10:12'),(89,'f','2006-03-21','Port Maxime','23346819','2014-07-20 22:45:37','2018-11-14 01:40:49'),(90,'m','1983-12-15','New Joannehaven','425341','2015-07-30 23:32:32','2014-10-11 07:46:25'),(91,'f','1993-02-27','Margeland','','2014-10-05 00:21:54','2013-02-10 05:07:31'),(92,'f','1999-09-12','West Brooklynport','482','2017-10-19 16:32:20','2013-08-08 18:12:44'),(93,'f','1996-07-28','Schambergerville','4','2020-11-10 06:11:34','2012-01-08 12:28:26'),(94,'f','1979-10-04','Mrazfort','','2018-09-03 12:12:47','2016-10-22 22:47:37'),(95,'f','2009-01-08','Simeonchester','189645','2013-07-21 12:39:26','2014-11-06 11:07:08'),(96,'f','1970-06-26','North Aleenville','71453196','2017-10-02 20:14:18','2020-04-18 02:18:01'),(97,'f','2007-10-21','Townechester','4574','2017-07-10 12:47:06','2013-01-22 16:02:28'),(98,'m','2004-04-02','North Janis','917','2014-09-19 14:07:48','2018-08-24 04:47:02'),(99,'f','1983-10-22','New Josefashire','5459','2015-03-04 22:27:55','2015-02-04 12:28:51'),(100,'m','1991-12-04','Lake Arturoport','628','2014-12-03 11:35:40','2020-08-24 10:36:02');
/*!40000 ALTER TABLE `profiles` ENABLE KEYS */;
UNLOCK TABLES;

--
-- Table structure for table `users`
--

DROP TABLE IF EXISTS `users`;
/*!40101 SET @saved_cs_client     = @@character_set_client */;
/*!40101 SET character_set_client = utf8 */;
CREATE TABLE `users` (
  `id` int(10) unsigned NOT NULL AUTO_INCREMENT COMMENT 'Идентификатор строки',
  `first_name` varchar(100) COLLATE utf8mb4_unicode_ci NOT NULL COMMENT 'Имя пользователя',
  `last_name` varchar(100) COLLATE utf8mb4_unicode_ci NOT NULL COMMENT 'Фамилия пользователя',
  `email` varchar(100) COLLATE utf8mb4_unicode_ci NOT NULL COMMENT 'Почта',
  `phone` varchar(100) COLLATE utf8mb4_unicode_ci NOT NULL COMMENT 'Телефон',
  `created_at` datetime DEFAULT current_timestamp() COMMENT 'Время создания строки',
  `updated_at` datetime DEFAULT current_timestamp() ON UPDATE current_timestamp() COMMENT 'Время обновления строки',
  PRIMARY KEY (`id`),
  UNIQUE KEY `email` (`email`),
  UNIQUE KEY `phone` (`phone`)
) ENGINE=InnoDB AUTO_INCREMENT=101 DEFAULT CHARSET=utf8mb4 COLLATE=utf8mb4_unicode_ci COMMENT='Пользователи';
/*!40101 SET character_set_client = @saved_cs_client */;

--
-- Dumping data for table `users`
--

LOCK TABLES `users` WRITE;
/*!40000 ALTER TABLE `users` DISABLE KEYS */;
INSERT INTO `users` VALUES (1,'Vilma','Runolfsson','elody94@example.net','05402055970','2016-05-22 14:41:15','2017-06-14 03:54:45'),(2,'Nicolette','Schneider','ubosco@example.org','486.843.8000','2017-04-13 12:09:50','2016-02-05 03:22:34'),(3,'Berniece','Kreiger','balistreri.cameron@example.net','1-202-974-6991x585','2013-03-07 18:49:46','2014-09-16 02:49:30'),(4,'Rose','Spinka','joey.johnston@example.net','604-653-2218','2013-02-02 17:50:54','2020-05-19 15:07:04'),(5,'Elaina','King','aidan42@example.org','1-394-252-0235','2019-09-10 22:23:58','2016-09-11 05:58:11'),(6,'Bethel','Gottlieb','pinkie41@example.org','+15(9)4402732917','2013-06-03 03:57:37','2014-05-30 11:37:10'),(7,'Floy','Torphy','napoleon20@example.net','+75(0)5859950596','2016-02-13 09:41:57','2013-01-17 15:39:11'),(8,'Kenya','Bruen','meda.o\'hara@example.org','(959)287-6167x9299','2016-06-26 03:20:35','2019-04-13 22:27:14'),(9,'Melany','Murray','jaqueline.medhurst@example.com','(869)454-7748','2013-01-03 12:31:31','2016-12-03 07:03:00'),(10,'Garret','Hermiston','hilbert.orn@example.org','1-745-213-7893x53514','2014-09-20 15:00:11','2014-04-02 19:53:39'),(11,'Dariana','Kerluke','mpacocha@example.com','(854)320-0797x646','2012-12-25 19:30:53','2018-08-05 22:05:19'),(12,'Alvina','Shanahan','quitzon.doug@example.com','08370414787','2015-10-05 20:30:55','2015-08-01 22:27:37'),(13,'Grayson','Kovacek','zo\'conner@example.com','827.140.0826x9819','2015-02-03 14:44:48','2018-04-25 01:54:31'),(14,'Robyn','Jacobi','brittany.rohan@example.net','(280)145-8996','2012-12-12 15:00:09','2020-12-05 06:23:47'),(15,'Jannie','Bartell','ernie37@example.com','(203)322-2260x5648','2015-07-06 01:24:27','2013-04-23 20:25:01'),(16,'Treva','Schoen','einar64@example.net','1-249-495-2441x8091','2011-11-02 13:30:25','2015-07-20 05:54:07'),(17,'Tremaine','Schultz','dnicolas@example.net','(812)161-9331x05818','2020-12-14 03:55:16','2019-12-04 03:44:13'),(18,'Thad','Toy','tyra.cremin@example.com','1-188-299-5133x046','2020-08-22 01:24:30','2015-10-08 07:29:45'),(19,'Glennie','Grant','predovic.cheyanne@example.com','04301157685','2017-02-12 12:04:53','2011-09-05 01:20:56'),(20,'Joshuah','Douglas','mavis50@example.org','+62(6)0957516891','2017-05-25 23:29:10','2012-02-07 16:44:40'),(21,'Jeffrey','Wiegand','rebecca39@example.org','906.878.0867','2020-07-10 06:14:35','2013-10-22 03:19:46'),(22,'Quinten','Mertz','giuseppe.hyatt@example.net','1-281-365-0244','2011-05-29 23:02:48','2011-11-04 23:07:01'),(23,'Aida','Harber','bernard.miller@example.com','970.102.2635x14777','2018-05-22 16:11:25','2013-10-29 09:26:07'),(24,'Theodore','Dach','arno75@example.com','707.829.0472x5938','2018-07-08 01:06:53','2020-12-05 22:58:45'),(25,'Rosalind','Gerlach','jayne20@example.net','09438585609','2020-07-29 08:23:53','2018-08-19 07:23:28'),(26,'Koby','Raynor','alivia61@example.org','232-690-3625x462','2016-10-23 09:57:17','2011-07-02 19:14:48'),(27,'Waylon','Fisher','dagmar.gerhold@example.org','1-994-731-5368','2011-05-05 04:24:34','2019-10-24 07:58:01'),(28,'Cedrick','Yundt','earnestine14@example.org','(823)808-2768x5501','2018-08-04 02:59:26','2016-12-04 02:58:31'),(29,'Stuart','Aufderhar','estrella.grimes@example.org','04430235636','2012-02-24 20:04:48','2015-08-17 10:43:02'),(30,'Keara','Murazik','zion.white@example.org','448-439-0118x20192','2016-03-01 19:12:44','2012-11-26 19:50:12'),(31,'Makayla','Rodriguez','balistreri.wilford@example.net','640.554.5567','2017-03-06 15:45:44','2019-10-29 14:49:30'),(32,'Elmira','Walsh','dgreenholt@example.com','317-482-9078','2011-10-23 04:00:38','2014-06-05 06:05:26'),(33,'Faye','Pagac','freida89@example.net','238-486-1618x64382','2015-11-24 18:36:39','2018-06-01 17:26:34'),(34,'Mittie','Lowe','gschneider@example.org','1-480-243-9884x302','2017-05-09 20:52:56','2011-07-18 11:46:13'),(35,'Malvina','Bergnaum','thompson.lexus@example.org','169-122-7211','2021-03-24 10:54:17','2013-06-15 02:24:02'),(36,'Maybell','Dibbert','jordan.rempel@example.net','909.155.6961x5742','2016-01-13 14:43:42','2015-07-30 00:19:37'),(37,'Anya','Zieme','zlockman@example.net','605-789-6865','2014-10-25 08:57:28','2020-07-04 19:11:44'),(38,'Lavina','Weissnat','yboehm@example.net','1-557-074-6783x719','2018-10-29 04:52:30','2017-01-31 02:16:10'),(39,'Gwendolyn','Kessler','mccullough.johnathan@example.net','575.296.2750','2019-11-25 18:02:23','2013-09-01 03:09:43'),(40,'Santos','Morar','mathew.friesen@example.org','266-194-3163','2016-07-09 18:57:31','2020-11-13 14:03:50'),(41,'Cordelia','Conn','burdette.hilll@example.net','1-850-994-5352','2013-09-07 14:52:46','2017-08-23 01:43:13'),(42,'Cortney','Torphy','crobel@example.org','1-715-015-2448x19862','2018-08-23 11:20:22','2018-11-18 20:52:34'),(43,'Mariane','Cruickshank','dejuan97@example.com','(183)748-0830x7264','2012-12-29 03:49:03','2016-01-08 14:35:36'),(44,'Velva','Marquardt','vkoss@example.net','1-963-925-9586x52560','2017-06-14 07:03:55','2019-04-14 09:41:18'),(45,'Raymundo','Walter','clemmie.sawayn@example.net','(069)351-3609x191','2013-01-04 12:44:32','2020-11-30 12:36:32'),(46,'Lamar','Beier','adams.michel@example.com','(504)814-2288x1227','2016-12-02 03:32:59','2015-09-22 20:01:24'),(47,'Lydia','Paucek','marcia61@example.org','+26(4)1189959017','2018-03-12 09:37:48','2012-04-16 17:24:38'),(48,'Jamil','Lowe','mona.goodwin@example.org','765-246-4911','2018-12-21 15:29:12','2016-05-02 18:15:07'),(49,'Mack','Stracke','utrantow@example.net','+44(0)5013757492','2012-08-29 07:26:10','2011-09-13 02:15:35'),(50,'Joana','Kulas','wiegand.jamir@example.com','(579)945-8788','2018-02-23 05:39:42','2017-04-20 17:23:37'),(51,'Clementine','Heaney','roberts.coy@example.org','(760)893-6613x42301','2017-11-25 08:09:17','2017-08-28 04:44:38'),(52,'Retta','Gaylord','cyrus27@example.net','033-068-9864x390','2013-04-25 02:42:26','2018-09-28 19:49:38'),(53,'Brielle','Halvorson','mreichel@example.org','(095)400-2840x43658','2014-11-17 13:10:34','2014-11-22 21:47:35'),(54,'Kevon','Zieme','beahan.ursula@example.net','01119763628','2016-07-04 21:15:01','2013-02-25 17:36:12'),(55,'Yoshiko','McLaughlin','vbergnaum@example.org','357.814.7075x04578','2011-09-03 23:19:33','2013-01-18 15:31:31'),(56,'Marta','Littel','lori.mosciski@example.org','792.971.7959','2017-11-11 18:19:45','2015-07-17 04:50:56'),(57,'Geovanni','White','mbauch@example.net','161.344.5191x51424','2015-06-05 02:18:42','2015-11-25 22:12:56'),(58,'Grayson','Dach','odell.hills@example.com','03864291769','2016-11-03 14:24:46','2020-01-02 10:10:11'),(59,'Karelle','Kling','concepcion76@example.org','(324)357-5999x31456','2016-09-05 12:22:32','2015-11-28 20:05:22'),(60,'Lue','Wisoky','muller.madison@example.net','(392)120-2287','2019-03-02 09:01:43','2014-08-19 15:33:54'),(61,'Rylee','Lynch','spencer.becker@example.org','742-678-1952','2021-04-05 06:59:50','2015-04-07 22:48:01'),(62,'Berniece','Rice','carissa.rodriguez@example.org','1-030-457-2995','2011-09-25 10:32:26','2015-11-15 02:19:49'),(63,'Kurt','O\'Keefe','fgrady@example.org','(258)932-6404','2018-02-06 09:57:43','2014-01-13 02:59:42'),(64,'Alana','Ankunding','oreilly@example.com','1-891-245-5644x68237','2012-01-10 07:41:59','2018-02-08 21:40:23'),(65,'Ariel','Kozey','ewisoky@example.com','059.452.5328x3130','2014-10-21 05:39:12','2015-03-11 12:19:39'),(66,'Kyler','Purdy','timmothy19@example.org','072-199-3810x964','2011-08-20 22:17:18','2012-05-28 13:01:03'),(67,'Emanuel','Swift','schowalter.michael@example.com','369.800.9868','2019-02-22 12:38:43','2015-08-07 02:34:11'),(68,'Jerald','Hoppe','koelpin.nathaniel@example.org','(090)345-8664x3512','2016-04-10 02:46:12','2018-03-16 15:21:11'),(69,'Aaron','Krajcik','effie.kilback@example.org','859.320.1223','2019-01-06 09:48:08','2017-01-22 19:28:25'),(70,'Deborah','Wisozk','manuela49@example.org','(858)167-7279x299','2015-02-06 09:57:48','2012-07-29 00:13:01'),(71,'Joseph','Grady','ward.rod@example.org','1-667-683-7291','2018-01-07 04:06:59','2018-09-02 11:17:04'),(72,'Randall','Hane','bschuster@example.net','(882)159-9210','2013-02-07 21:15:18','2020-12-11 12:50:27'),(73,'Herman','Hilll','lucie.kuphal@example.net','855-778-4707x015','2015-10-03 12:42:54','2016-06-20 23:09:40'),(74,'Eliseo','Waelchi','buster.nitzsche@example.net','(534)873-0119','2019-06-13 05:45:57','2019-05-01 15:20:28'),(75,'Jaeden','Bauch','issac.smitham@example.com','689-512-2883x0017','2018-03-26 14:08:37','2019-01-23 22:20:39'),(76,'Orlando','Pfeffer','harber.cristopher@example.com','(970)241-4172','2013-08-09 00:19:58','2018-07-26 23:31:58'),(77,'Cleo','Beer','ramona42@example.net','1-615-855-5155','2016-07-24 18:41:58','2012-11-11 11:58:21'),(78,'Roberta','Hintz','sheridan40@example.net','(038)942-8918x027','2015-10-01 09:03:16','2011-07-26 04:31:16'),(79,'Taryn','Quitzon','rmcglynn@example.net','1-365-528-4170x0862','2012-04-12 09:19:04','2011-07-02 20:48:20'),(80,'Gwendolyn','Haley','kirlin.dasia@example.org','1-830-776-8906','2012-05-04 05:38:38','2017-06-29 07:37:51'),(81,'Ethelyn','Grady','cortney67@example.org','1-989-514-9743x49420','2016-08-21 00:35:22','2013-10-21 12:23:37'),(82,'Daren','Smith','breitenberg.godfrey@example.com','1-058-567-0052','2019-05-27 20:57:37','2020-05-30 21:21:07'),(83,'Neva','Yost','tromp.zetta@example.org','681.440.2541x9387','2016-09-20 06:28:17','2018-10-11 14:58:29'),(84,'Woodrow','Lynch','pagac.cara@example.com','(983)594-1503','2019-03-25 15:26:20','2018-04-02 21:03:54'),(85,'Leann','Moore','joana.collins@example.org','(552)685-7584x0651','2013-01-21 02:25:10','2012-03-03 17:49:15'),(86,'Yoshiko','Morar','augusta86@example.com','1-160-285-2623','2012-03-05 18:39:11','2013-11-02 19:18:03'),(87,'Kelley','Ernser','oscar54@example.com','086.261.2149x5943','2018-04-10 15:24:54','2012-01-13 00:31:31'),(88,'Jarrell','Corwin','dibbert.delpha@example.com','318-694-2050','2018-02-25 15:35:31','2012-08-30 04:09:58'),(89,'Guiseppe','Rempel','lorena83@example.com','451-968-1974','2013-10-02 21:35:19','2011-06-07 22:22:24'),(90,'Maida','Cassin','nnolan@example.com','615-196-2154x1391','2015-08-18 23:12:36','2018-03-26 21:31:13'),(91,'Margaret','Jerde','larkin.mabel@example.org','750-841-4036','2014-03-29 14:15:24','2011-07-04 01:39:17'),(92,'Robyn','Wyman','jose12@example.com','587.851.6107x6192','2018-12-01 00:13:57','2019-01-12 22:48:29'),(93,'Chris','Lowe','zdicki@example.net','(885)786-2913','2013-10-30 04:18:44','2014-09-06 13:00:44'),(94,'Daija','Skiles','anahi.turcotte@example.net','(179)771-0964x405','2016-11-12 11:24:42','2019-06-20 19:00:35'),(95,'Neha','Wilkinson','metz.madalyn@example.net','770.631.9408','2014-09-26 23:01:57','2021-01-26 06:37:38'),(96,'Alphonso','Kuvalis','bode.gwendolyn@example.net','726-450-6778x69834','2011-12-01 22:02:16','2018-05-12 03:53:10'),(97,'Dorris','Kuhic','jacobson.bernie@example.org','1-629-063-2490','2012-08-27 10:08:20','2019-03-13 16:35:04'),(98,'Ayana','Sanford','flavie.bauch@example.com','1-827-250-6279x9899','2016-03-28 10:53:53','2014-09-10 04:47:03'),(99,'Yessenia','Raynor','bert.ebert@example.org','04017337288','2019-08-01 20:13:31','2018-01-26 16:52:03'),(100,'Reuben','Sipes','nyasia.jakubowski@example.com','1-011-756-7924','2014-06-13 22:43:18','2020-04-02 21:49:01');
/*!40000 ALTER TABLE `users` ENABLE KEYS */;
UNLOCK TABLES;
/*!40103 SET TIME_ZONE=@OLD_TIME_ZONE */;

/*!40101 SET SQL_MODE=@OLD_SQL_MODE */;
/*!40014 SET FOREIGN_KEY_CHECKS=@OLD_FOREIGN_KEY_CHECKS */;
/*!40014 SET UNIQUE_CHECKS=@OLD_UNIQUE_CHECKS */;
/*!40101 SET CHARACTER_SET_CLIENT=@OLD_CHARACTER_SET_CLIENT */;
/*!40101 SET CHARACTER_SET_RESULTS=@OLD_CHARACTER_SET_RESULTS */;
/*!40101 SET COLLATION_CONNECTION=@OLD_COLLATION_CONNECTION */;
/*!40111 SET SQL_NOTES=@OLD_SQL_NOTES */;

-- Dump completed on 2021-04-18 11:52:01
